,complements,substitutes,frequency_dict,context_dict
1955.sg,"['自发', '瑞士', '主', '高潮', '自决', '改良', '命', '粹', '强大', '共和', '平等', '害怕', '政权', '社', '蒙古', '论断', '义', '党', '党团', '庸俗', '掀起', '激进', '互助', '越南', '忠诚', '君主', '波兰', '农奴', '代表', '南非', '解放', '选举', '比利时', '走向', '西欧', '富强', '爱国', '工农', '胜利', '马赫', '革命家', '德国', '自由', '空想', '立陶宛', '专制', '匈牙利', '削弱', '西方', '民主党', '有名', '欧洲', '叫做', '奥地利', '德意志', '冒险', '争取', '氛围', '思潮', '法国', '阿尔巴尼亚', '斗争', '共产', '所谓', '伟大', '而是', '工党', '俄国', '口号', '民', '专政', '机会', '政党', '国民党', '革命', '俄', '统治', '阶级', '贵族', '制度', '和谐', '霸权', '高涨', '残酷', '残余', '葡萄牙', '苏维埃', '犹太', '奴隶', '偏见', '左派', '运动', '拥护', '派', '日本', '背叛', '摧毁', '封建', '捍卫', '意大利']","['老挝', '社会', '主义', '政治', '南斯拉夫', '孟什维克', '议会', '意大利', '捍卫', '封建', '摧毁', '背叛', '日本', '派', '拥护', '运动', '左派', '偏见', '奴隶', '犹太', '苏维埃', '葡萄牙', '残余', '残酷', '高涨', '霸权', '和谐', '制度', '贵族', '阶级', '俄', '统治', '革命', '国民党', '政党', '机会', '民', '专政', '口号', '俄国', '工党', '而是', '伟大', '所谓', '共产', '阿尔巴尼亚', '斗争', '法国', '思潮', '氛围', '争取', '冒险', '德意志', '奥地利', '叫做', '有名', '欧洲', '民主党', '西方', '削弱', '匈牙利', '立陶宛', '专制', '空想', '自由', '德国', '革命家', '马赫', '胜利', '工农', '爱国', '富强', '西欧', '走向', '比利时', '选举', '解放', '南非', '代表', '农奴', '波兰', '君主', '忠诚', '越南', '互助', '激进', '庸俗', '掀起', '党团', '党', '义', '论断', '蒙古', '社', '政权', '害怕', '平等', '共和', '强大', '粹']","{'革命': 34128, '民主党': 10167, '俄国': 3826, '命': 1464, '自由': 10197, '社会': 103643, '共产': 1752, '封建': 1194, '主义': 126532, '民': 8019, '政治': 26931, '越南': 638, '党': 24587, '运动': 15273, '德国': 3564}","{'革命': -0.094, '民主党': 0.026, '俄国': -0.061, '命': 0.375, '自由': 0.057, '社会': -0.387, '共产': -0.025, '封建': -0.327, '主义': -0.365, '民': -0.074, '政治': -0.362, '越南': 0.276, '党': 0.329, '运动': -0.306, '德国': 0.064}"
1956.sg,"['自发', '瑞士', '主', '高潮', '自决', '改良', '命', '粹', '强大', '共和', '平等', '害怕', '政权', '社', '蒙古', '论断', '义', '党', '党团', '庸俗', '掀起', '激进', '互助', '越南', '忠诚', '君主', '波兰', '农奴', '代表', '南非', '解放', '选举', '比利时', '走向', '西欧', '富强', '爱国', '工农', '胜利', '马赫', '革命家', '德国', '自由', '空想', '立陶宛', '专制', '匈牙利', '削弱', '西方', '民主党', '有名', '欧洲', '叫做', '奥地利', '德意志', '冒险', '争取', '氛围', '思潮', '法国', '阿尔巴尼亚', '斗争', '共产', '所谓', '伟大', '而是', '工党', '俄国', '口号', '民', '专政', '机会', '政党', '国民党', '革命', '俄', '统治', '阶级', '贵族', '制度', '和谐', '霸权', '高涨', '残酷', '残余', '葡萄牙', '苏维埃', '犹太', '奴隶', '偏见', '左派', '运动', '拥护', '派', '日本', '背叛', '摧毁', '封建', '捍卫', '意大利']","['老挝', '社会', '主义', '政治', '南斯拉夫', '孟什维克', '议会', '意大利', '捍卫', '封建', '摧毁', '背叛', '日本', '派', '拥护', '运动', '左派', '偏见', '奴隶', '犹太', '苏维埃', '葡萄牙', '残余', '残酷', '高涨', '霸权', '和谐', '制度', '贵族', '阶级', '俄', '统治', '革命', '国民党', '政党', '机会', '民', '专政', '口号', '俄国', '工党', '而是', '伟大', '所谓', '共产', '阿尔巴尼亚', '斗争', '法国', '思潮', '氛围', '争取', '冒险', '德意志', '奥地利', '叫做', '有名', '欧洲', '民主党', '西方', '削弱', '匈牙利', '立陶宛', '专制', '空想', '自由', '德国', '革命家', '马赫', '胜利', '工农', '爱国', '富强', '西欧', '走向', '比利时', '选举', '解放', '南非', '代表', '农奴', '波兰', '君主', '忠诚', '越南', '互助', '激进', '庸俗', '掀起', '党团', '党', '义', '论断', '蒙古', '社', '政权', '害怕', '平等', '共和', '强大', '粹']","{'主': 8776, '社会': 110238, '共和': 1104, '党派': 665, '中华': 3771, '专政': 760, '国': 19373, '波兰': 506, '越南': 820, '民': 7711, '根据地': 518, '巩固': 3532}","{'主': 0.034, '社会': -0.141, '共和': -0.16, '党派': 0.092, '中华': 0.017, '专政': -0.063, '国': 0.101, '波兰': -0.026, '越南': -0.107, '民': -0.037, '根据地': 0.065, '巩固': 0.041}"
1957.sg,"['自发', '瑞士', '主', '高潮', '自决', '改良', '命', '粹', '强大', '共和', '平等', '害怕', '政权', '社', '蒙古', '论断', '义', '党', '党团', '庸俗', '掀起', '激进', '互助', '越南', '忠诚', '君主', '波兰', '农奴', '代表', '南非', '解放', '选举', '比利时', '走向', '西欧', '富强', '爱国', '工农', '胜利', '马赫', '革命家', '德国', '自由', '空想', '立陶宛', '专制', '匈牙利', '削弱', '西方', '民主党', '有名', '欧洲', '叫做', '奥地利', '德意志', '冒险', '争取', '氛围', '思潮', '法国', '阿尔巴尼亚', '斗争', '共产', '所谓', '伟大', '而是', '工党', '俄国', '口号', '民', '专政', '机会', '政党', '国民党', '革命', '俄', '统治', '阶级', '贵族', '制度', '和谐', '霸权', '高涨', '残酷', '残余', '葡萄牙', '苏维埃', '犹太', '奴隶', '偏见', '左派', '运动', '拥护', '派', '日本', '背叛', '摧毁', '封建', '捍卫', '意大利']","['老挝', '社会', '主义', '政治', '南斯拉夫', '孟什维克', '议会', '意大利', '捍卫', '封建', '摧毁', '背叛', '日本', '派', '拥护', '运动', '左派', '偏见', '奴隶', '犹太', '苏维埃', '葡萄牙', '残余', '残酷', '高涨', '霸权', '和谐', '制度', '贵族', '阶级', '俄', '统治', '革命', '国民党', '政党', '机会', '民', '专政', '口号', '俄国', '工党', '而是', '伟大', '所谓', '共产', '阿尔巴尼亚', '斗争', '法国', '思潮', '氛围', '争取', '冒险', '德意志', '奥地利', '叫做', '有名', '欧洲', '民主党', '西方', '削弱', '匈牙利', '立陶宛', '专制', '空想', '自由', '德国', '革命家', '马赫', '胜利', '工农', '爱国', '富强', '西欧', '走向', '比利时', '选举', '解放', '南非', '代表', '农奴', '波兰', '君主', '忠诚', '越南', '互助', '激进', '庸俗', '掀起', '党团', '党', '义', '论断', '蒙古', '社', '政权', '害怕', '平等', '共和', '强大', '粹']","{'社会': 112401, '主': 10239, '民': 8925, '革命': 35991, '专政': 663, '蒙古': 650}","{'社会': 0.018, '主': -0.837, '民': 0.049, '革命': -0.777, '专政': 0.307, '蒙古': 0.847}"
1958.sg,"['自发', '瑞士', '主', '高潮', '自决', '改良', '命', '粹', '强大', '共和', '平等', '害怕', '政权', '社', '蒙古', '论断', '义', '党', '党团', '庸俗', '掀起', '激进', '互助', '越南', '忠诚', '君主', '波兰', '农奴', '代表', '南非', '解放', '选举', '比利时', '走向', '西欧', '富强', '爱国', '工农', '胜利', '马赫', '革命家', '德国', '自由', '空想', '立陶宛', '专制', '匈牙利', '削弱', '西方', '民主党', '有名', '欧洲', '叫做', '奥地利', '德意志', '冒险', '争取', '氛围', '思潮', '法国', '阿尔巴尼亚', '斗争', '共产', '所谓', '伟大', '而是', '工党', '俄国', '口号', '民', '专政', '机会', '政党', '国民党', '革命', '俄', '统治', '阶级', '贵族', '制度', '和谐', '霸权', '高涨', '残酷', '残余', '葡萄牙', '苏维埃', '犹太', '奴隶', '偏见', '左派', '运动', '拥护', '派', '日本', '背叛', '摧毁', '封建', '捍卫', '意大利']","['老挝', '社会', '主义', '政治', '南斯拉夫', '孟什维克', '议会', '意大利', '捍卫', '封建', '摧毁', '背叛', '日本', '派', '拥护', '运动', '左派', '偏见', '奴隶', '犹太', '苏维埃', '葡萄牙', '残余', '残酷', '高涨', '霸权', '和谐', '制度', '贵族', '阶级', '俄', '统治', '革命', '国民党', '政党', '机会', '民', '专政', '口号', '俄国', '工党', '而是', '伟大', '所谓', '共产', '阿尔巴尼亚', '斗争', '法国', '思潮', '氛围', '争取', '冒险', '德意志', '奥地利', '叫做', '有名', '欧洲', '民主党', '西方', '削弱', '匈牙利', '立陶宛', '专制', '空想', '自由', '德国', '革命家', '马赫', '胜利', '工农', '爱国', '富强', '西欧', '走向', '比利时', '选举', '解放', '南非', '代表', '农奴', '波兰', '君主', '忠诚', '越南', '互助', '激进', '庸俗', '掀起', '党团', '党', '义', '论断', '蒙古', '社', '政权', '害怕', '平等', '共和', '强大', '粹']","{'主': 11730, '专政': 678, '共和': 658, '社会': 118520, '蒙古': 882}","{'主': -0.018, '专政': -0.488, '共和': -0.298, '社会': -0.076, '蒙古': -0.082}"
1959.sg,"['自发', '瑞士', '主', '高潮', '自决', '改良', '命', '粹', '强大', '共和', '平等', '害怕', '政权', '社', '蒙古', '论断', '义', '党', '党团', '庸俗', '掀起', '激进', '互助', '越南', '忠诚', '君主', '波兰', '农奴', '代表', '南非', '解放', '选举', '比利时', '走向', '西欧', '富强', '爱国', '工农', '胜利', '马赫', '革命家', '德国', '自由', '空想', '立陶宛', '专制', '匈牙利', '削弱', '西方', '民主党', '有名', '欧洲', '叫做', '奥地利', '德意志', '冒险', '争取', '氛围', '思潮', '法国', '阿尔巴尼亚', '斗争', '共产', '所谓', '伟大', '而是', '工党', '俄国', '口号', '民', '专政', '机会', '政党', '国民党', '革命', '俄', '统治', '阶级', '贵族', '制度', '和谐', '霸权', '高涨', '残酷', '残余', '葡萄牙', '苏维埃', '犹太', '奴隶', '偏见', '左派', '运动', '拥护', '派', '日本', '背叛', '摧毁', '封建', '捍卫', '意大利']","['老挝', '社会', '主义', '政治', '南斯拉夫', '孟什维克', '议会', '意大利', '捍卫', '封建', '摧毁', '背叛', '日本', '派', '拥护', '运动', '左派', '偏见', '奴隶', '犹太', '苏维埃', '葡萄牙', '残余', '残酷', '高涨', '霸权', '和谐', '制度', '贵族', '阶级', '俄', '统治', '革命', '国民党', '政党', '机会', '民', '专政', '口号', '俄国', '工党', '而是', '伟大', '所谓', '共产', '阿尔巴尼亚', '斗争', '法国', '思潮', '氛围', '争取', '冒险', '德意志', '奥地利', '叫做', '有名', '欧洲', '民主党', '西方', '削弱', '匈牙利', '立陶宛', '专制', '空想', '自由', '德国', '革命家', '马赫', '胜利', '工农', '爱国', '富强', '西欧', '走向', '比利时', '选举', '解放', '南非', '代表', '农奴', '波兰', '君主', '忠诚', '越南', '互助', '激进', '庸俗', '掀起', '党团', '党', '义', '论断', '蒙古', '社', '政权', '害怕', '平等', '共和', '强大', '粹']","{'联邦': 639, '共和': 655, '自治': 613, '社会': 94146}","{'联邦': -0.105, '共和': 0.065, '自治': -0.001, '社会': -0.036}"
1960.sg,"['自发', '瑞士', '主', '高潮', '自决', '改良', '命', '粹', '强大', '共和', '平等', '害怕', '政权', '社', '蒙古', '论断', '义', '党', '党团', '庸俗', '掀起', '激进', '互助', '越南', '忠诚', '君主', '波兰', '农奴', '代表', '南非', '解放', '选举', '比利时', '走向', '西欧', '富强', '爱国', '工农', '胜利', '马赫', '革命家', '德国', '自由', '空想', '立陶宛', '专制', '匈牙利', '削弱', '西方', '民主党', '有名', '欧洲', '叫做', '奥地利', '德意志', '冒险', '争取', '氛围', '思潮', '法国', '阿尔巴尼亚', '斗争', '共产', '所谓', '伟大', '而是', '工党', '俄国', '口号', '民', '专政', '机会', '政党', '国民党', '革命', '俄', '统治', '阶级', '贵族', '制度', '和谐', '霸权', '高涨', '残酷', '残余', '葡萄牙', '苏维埃', '犹太', '奴隶', '偏见', '左派', '运动', '拥护', '派', '日本', '背叛', '摧毁', '封建', '捍卫', '意大利']","['老挝', '社会', '主义', '政治', '南斯拉夫', '孟什维克', '议会', '意大利', '捍卫', '封建', '摧毁', '背叛', '日本', '派', '拥护', '运动', '左派', '偏见', '奴隶', '犹太', '苏维埃', '葡萄牙', '残余', '残酷', '高涨', '霸权', '和谐', '制度', '贵族', '阶级', '俄', '统治', '革命', '国民党', '政党', '机会', '民', '专政', '口号', '俄国', '工党', '而是', '伟大', '所谓', '共产', '阿尔巴尼亚', '斗争', '法国', '思潮', '氛围', '争取', '冒险', '德意志', '奥地利', '叫做', '有名', '欧洲', '民主党', '西方', '削弱', '匈牙利', '立陶宛', '专制', '空想', '自由', '德国', '革命家', '马赫', '胜利', '工农', '爱国', '富强', '西欧', '走向', '比利时', '选举', '解放', '南非', '代表', '农奴', '波兰', '君主', '忠诚', '越南', '互助', '激进', '庸俗', '掀起', '党团', '党', '义', '论断', '蒙古', '社', '政权', '害怕', '平等', '共和', '强大', '粹']","{'社会': 96638, '革命': 60621, '联盟': 1627, '命': 3696, '民族': 24802, '保障': 671}","{'社会': -0.023, '革命': -0.055, '联盟': 0.071, '命': -0.018, '民族': -0.013, '保障': 0.077}"
1961.sg,"['自发', '瑞士', '主', '高潮', '自决', '改良', '命', '粹', '强大', '共和', '平等', '害怕', '政权', '社', '蒙古', '论断', '义', '党', '党团', '庸俗', '掀起', '激进', '互助', '越南', '忠诚', '君主', '波兰', '农奴', '代表', '南非', '解放', '选举', '比利时', '走向', '西欧', '富强', '爱国', '工农', '胜利', '马赫', '革命家', '德国', '自由', '空想', '立陶宛', '专制', '匈牙利', '削弱', '西方', '民主党', '有名', '欧洲', '叫做', '奥地利', '德意志', '冒险', '争取', '氛围', '思潮', '法国', '阿尔巴尼亚', '斗争', '共产', '所谓', '伟大', '而是', '工党', '俄国', '口号', '民', '专政', '机会', '政党', '国民党', '革命', '俄', '统治', '阶级', '贵族', '制度', '和谐', '霸权', '高涨', '残酷', '残余', '葡萄牙', '苏维埃', '犹太', '奴隶', '偏见', '左派', '运动', '拥护', '派', '日本', '背叛', '摧毁', '封建', '捍卫', '意大利']","['老挝', '社会', '主义', '政治', '南斯拉夫', '孟什维克', '议会', '意大利', '捍卫', '封建', '摧毁', '背叛', '日本', '派', '拥护', '运动', '左派', '偏见', '奴隶', '犹太', '苏维埃', '葡萄牙', '残余', '残酷', '高涨', '霸权', '和谐', '制度', '贵族', '阶级', '俄', '统治', '革命', '国民党', '政党', '机会', '民', '专政', '口号', '俄国', '工党', '而是', '伟大', '所谓', '共产', '阿尔巴尼亚', '斗争', '法国', '思潮', '氛围', '争取', '冒险', '德意志', '奥地利', '叫做', '有名', '欧洲', '民主党', '西方', '削弱', '匈牙利', '立陶宛', '专制', '空想', '自由', '德国', '革命家', '马赫', '胜利', '工农', '爱国', '富强', '西欧', '走向', '比利时', '选举', '解放', '南非', '代表', '农奴', '波兰', '君主', '忠诚', '越南', '互助', '激进', '庸俗', '掀起', '党团', '党', '义', '论断', '蒙古', '社', '政权', '害怕', '平等', '共和', '强大', '粹']","{'社会': 66302, '共和': 1232, '蒙古': 691, '民': 8237, '中华': 6154, '自由': 7383}","{'社会': 0.057, '共和': 0.195, '蒙古': 0.209, '民': -0.131, '中华': 0.171, '自由': 0.266}"
1962.sg,"['自发', '瑞士', '主', '高潮', '自决', '改良', '命', '粹', '强大', '共和', '平等', '害怕', '政权', '社', '蒙古', '论断', '义', '党', '党团', '庸俗', '掀起', '激进', '互助', '越南', '忠诚', '君主', '波兰', '农奴', '代表', '南非', '解放', '选举', '比利时', '走向', '西欧', '富强', '爱国', '工农', '胜利', '马赫', '革命家', '德国', '自由', '空想', '立陶宛', '专制', '匈牙利', '削弱', '西方', '民主党', '有名', '欧洲', '叫做', '奥地利', '德意志', '冒险', '争取', '氛围', '思潮', '法国', '阿尔巴尼亚', '斗争', '共产', '所谓', '伟大', '而是', '工党', '俄国', '口号', '民', '专政', '机会', '政党', '国民党', '革命', '俄', '统治', '阶级', '贵族', '制度', '和谐', '霸权', '高涨', '残酷', '残余', '葡萄牙', '苏维埃', '犹太', '奴隶', '偏见', '左派', '运动', '拥护', '派', '日本', '背叛', '摧毁', '封建', '捍卫', '意大利']","['老挝', '社会', '主义', '政治', '南斯拉夫', '孟什维克', '议会', '意大利', '捍卫', '封建', '摧毁', '背叛', '日本', '派', '拥护', '运动', '左派', '偏见', '奴隶', '犹太', '苏维埃', '葡萄牙', '残余', '残酷', '高涨', '霸权', '和谐', '制度', '贵族', '阶级', '俄', '统治', '革命', '国民党', '政党', '机会', '民', '专政', '口号', '俄国', '工党', '而是', '伟大', '所谓', '共产', '阿尔巴尼亚', '斗争', '法国', '思潮', '氛围', '争取', '冒险', '德意志', '奥地利', '叫做', '有名', '欧洲', '民主党', '西方', '削弱', '匈牙利', '立陶宛', '专制', '空想', '自由', '德国', '革命家', '马赫', '胜利', '工农', '爱国', '富强', '西欧', '走向', '比利时', '选举', '解放', '南非', '代表', '农奴', '波兰', '君主', '忠诚', '越南', '互助', '激进', '庸俗', '掀起', '党团', '党', '义', '论断', '蒙古', '社', '政权', '害怕', '平等', '共和', '强大', '粹']","{'社会': 74126, '共和': 733, '爱国': 1544, '革命': 40511, '联盟': 1872, '蒙古': 579, '自由': 7236, '民': 7506}","{'社会': 0.231, '共和': -0.133, '爱国': 0.038, '革命': -0.075, '联盟': -0.12, '蒙古': -0.101, '自由': -0.175, '民': 0.101}"
1963.sg,"['自发', '瑞士', '主', '高潮', '自决', '改良', '命', '粹', '强大', '共和', '平等', '害怕', '政权', '社', '蒙古', '论断', '义', '党', '党团', '庸俗', '掀起', '激进', '互助', '越南', '忠诚', '君主', '波兰', '农奴', '代表', '南非', '解放', '选举', '比利时', '走向', '西欧', '富强', '爱国', '工农', '胜利', '马赫', '革命家', '德国', '自由', '空想', '立陶宛', '专制', '匈牙利', '削弱', '西方', '民主党', '有名', '欧洲', '叫做', '奥地利', '德意志', '冒险', '争取', '氛围', '思潮', '法国', '阿尔巴尼亚', '斗争', '共产', '所谓', '伟大', '而是', '工党', '俄国', '口号', '民', '专政', '机会', '政党', '国民党', '革命', '俄', '统治', '阶级', '贵族', '制度', '和谐', '霸权', '高涨', '残酷', '残余', '葡萄牙', '苏维埃', '犹太', '奴隶', '偏见', '左派', '运动', '拥护', '派', '日本', '背叛', '摧毁', '封建', '捍卫', '意大利']","['老挝', '社会', '主义', '政治', '南斯拉夫', '孟什维克', '议会', '意大利', '捍卫', '封建', '摧毁', '背叛', '日本', '派', '拥护', '运动', '左派', '偏见', '奴隶', '犹太', '苏维埃', '葡萄牙', '残余', '残酷', '高涨', '霸权', '和谐', '制度', '贵族', '阶级', '俄', '统治', '革命', '国民党', '政党', '机会', '民', '专政', '口号', '俄国', '工党', '而是', '伟大', '所谓', '共产', '阿尔巴尼亚', '斗争', '法国', '思潮', '氛围', '争取', '冒险', '德意志', '奥地利', '叫做', '有名', '欧洲', '民主党', '西方', '削弱', '匈牙利', '立陶宛', '专制', '空想', '自由', '德国', '革命家', '马赫', '胜利', '工农', '爱国', '富强', '西欧', '走向', '比利时', '选举', '解放', '南非', '代表', '农奴', '波兰', '君主', '忠诚', '越南', '互助', '激进', '庸俗', '掀起', '党团', '党', '义', '论断', '蒙古', '社', '政权', '害怕', '平等', '共和', '强大', '粹']","{'自治': 626, '民': 7543, '民族': 23569, '封建': 5189, '社会': 80053, '自由': 6764, '革命': 44649, '解放': 9934, '争取': 3773, '命': 2295}","{'自治': 0.325, '民': -0.276, '民族': 0.026, '封建': -0.606, '社会': -0.037, '自由': -0.056, '革命': -0.018, '解放': 0.778, '争取': -0.112, '命': 0.057}"
1964.sg,"['自发', '瑞士', '主', '高潮', '自决', '改良', '命', '粹', '强大', '共和', '平等', '害怕', '政权', '社', '蒙古', '论断', '义', '党', '党团', '庸俗', '掀起', '激进', '互助', '越南', '忠诚', '君主', '波兰', '农奴', '代表', '南非', '解放', '选举', '比利时', '走向', '西欧', '富强', '爱国', '工农', '胜利', '马赫', '革命家', '德国', '自由', '空想', '立陶宛', '专制', '匈牙利', '削弱', '西方', '民主党', '有名', '欧洲', '叫做', '奥地利', '德意志', '冒险', '争取', '氛围', '思潮', '法国', '阿尔巴尼亚', '斗争', '共产', '所谓', '伟大', '而是', '工党', '俄国', '口号', '民', '专政', '机会', '政党', '国民党', '革命', '俄', '统治', '阶级', '贵族', '制度', '和谐', '霸权', '高涨', '残酷', '残余', '葡萄牙', '苏维埃', '犹太', '奴隶', '偏见', '左派', '运动', '拥护', '派', '日本', '背叛', '摧毁', '封建', '捍卫', '意大利']","['老挝', '社会', '主义', '政治', '南斯拉夫', '孟什维克', '议会', '意大利', '捍卫', '封建', '摧毁', '背叛', '日本', '派', '拥护', '运动', '左派', '偏见', '奴隶', '犹太', '苏维埃', '葡萄牙', '残余', '残酷', '高涨', '霸权', '和谐', '制度', '贵族', '阶级', '俄', '统治', '革命', '国民党', '政党', '机会', '民', '专政', '口号', '俄国', '工党', '而是', '伟大', '所谓', '共产', '阿尔巴尼亚', '斗争', '法国', '思潮', '氛围', '争取', '冒险', '德意志', '奥地利', '叫做', '有名', '欧洲', '民主党', '西方', '削弱', '匈牙利', '立陶宛', '专制', '空想', '自由', '德国', '革命家', '马赫', '胜利', '工农', '爱国', '富强', '西欧', '走向', '比利时', '选举', '解放', '南非', '代表', '农奴', '波兰', '君主', '忠诚', '越南', '互助', '激进', '庸俗', '掀起', '党团', '党', '义', '论断', '蒙古', '社', '政权', '害怕', '平等', '共和', '强大', '粹']","{'中华': 3519, '革命': 56302, '共和国': 7682, '爱国': 1090, '古巴': 818, '自由': 5396, '越南': 5316}","{'中华': 0.079, '革命': -0.022, '共和国': 0.094, '爱国': -0.026, '古巴': 0.022, '自由': 0.01, '越南': -0.046}"
1965.sg,"['自发', '瑞士', '主', '高潮', '自决', '改良', '命', '粹', '强大', '共和', '平等', '害怕', '政权', '社', '蒙古', '论断', '义', '党', '党团', '庸俗', '掀起', '激进', '互助', '越南', '忠诚', '君主', '波兰', '农奴', '代表', '南非', '解放', '选举', '比利时', '走向', '西欧', '富强', '爱国', '工农', '胜利', '马赫', '革命家', '德国', '自由', '空想', '立陶宛', '专制', '匈牙利', '削弱', '西方', '民主党', '有名', '欧洲', '叫做', '奥地利', '德意志', '冒险', '争取', '氛围', '思潮', '法国', '阿尔巴尼亚', '斗争', '共产', '所谓', '伟大', '而是', '工党', '俄国', '口号', '民', '专政', '机会', '政党', '国民党', '革命', '俄', '统治', '阶级', '贵族', '制度', '和谐', '霸权', '高涨', '残酷', '残余', '葡萄牙', '苏维埃', '犹太', '奴隶', '偏见', '左派', '运动', '拥护', '派', '日本', '背叛', '摧毁', '封建', '捍卫', '意大利']","['老挝', '社会', '主义', '政治', '南斯拉夫', '孟什维克', '议会', '意大利', '捍卫', '封建', '摧毁', '背叛', '日本', '派', '拥护', '运动', '左派', '偏见', '奴隶', '犹太', '苏维埃', '葡萄牙', '残余', '残酷', '高涨', '霸权', '和谐', '制度', '贵族', '阶级', '俄', '统治', '革命', '国民党', '政党', '机会', '民', '专政', '口号', '俄国', '工党', '而是', '伟大', '所谓', '共产', '阿尔巴尼亚', '斗争', '法国', '思潮', '氛围', '争取', '冒险', '德意志', '奥地利', '叫做', '有名', '欧洲', '民主党', '西方', '削弱', '匈牙利', '立陶宛', '专制', '空想', '自由', '德国', '革命家', '马赫', '胜利', '工农', '爱国', '富强', '西欧', '走向', '比利时', '选举', '解放', '南非', '代表', '农奴', '波兰', '君主', '忠诚', '越南', '互助', '激进', '庸俗', '掀起', '党团', '党', '义', '论断', '蒙古', '社', '政权', '害怕', '平等', '共和', '强大', '粹']","{'共和国': 12032, '越南': 13102, '共和': 527, '民族': 17773, '民': 8184, '中华': 4941, '苏联': 1545, '府': 724}","{'共和国': 0.233, '越南': 0.068, '共和': 0.473, '民族': -0.04, '民': -0.196, '中华': 0.117, '苏联': -0.616, '府': 0.668}"
1966.sg,"['自发', '瑞士', '主', '高潮', '自决', '改良', '命', '粹', '强大', '共和', '平等', '害怕', '政权', '社', '蒙古', '论断', '义', '党', '党团', '庸俗', '掀起', '激进', '互助', '越南', '忠诚', '君主', '波兰', '农奴', '代表', '南非', '解放', '选举', '比利时', '走向', '西欧', '富强', '爱国', '工农', '胜利', '马赫', '革命家', '德国', '自由', '空想', '立陶宛', '专制', '匈牙利', '削弱', '西方', '民主党', '有名', '欧洲', '叫做', '奥地利', '德意志', '冒险', '争取', '氛围', '思潮', '法国', '阿尔巴尼亚', '斗争', '共产', '所谓', '伟大', '而是', '工党', '俄国', '口号', '民', '专政', '机会', '政党', '国民党', '革命', '俄', '统治', '阶级', '贵族', '制度', '和谐', '霸权', '高涨', '残酷', '残余', '葡萄牙', '苏维埃', '犹太', '奴隶', '偏见', '左派', '运动', '拥护', '派', '日本', '背叛', '摧毁', '封建', '捍卫', '意大利']","['老挝', '社会', '主义', '政治', '南斯拉夫', '孟什维克', '议会', '意大利', '捍卫', '封建', '摧毁', '背叛', '日本', '派', '拥护', '运动', '左派', '偏见', '奴隶', '犹太', '苏维埃', '葡萄牙', '残余', '残酷', '高涨', '霸权', '和谐', '制度', '贵族', '阶级', '俄', '统治', '革命', '国民党', '政党', '机会', '民', '专政', '口号', '俄国', '工党', '而是', '伟大', '所谓', '共产', '阿尔巴尼亚', '斗争', '法国', '思潮', '氛围', '争取', '冒险', '德意志', '奥地利', '叫做', '有名', '欧洲', '民主党', '西方', '削弱', '匈牙利', '立陶宛', '专制', '空想', '自由', '德国', '革命家', '马赫', '胜利', '工农', '爱国', '富强', '西欧', '走向', '比利时', '选举', '解放', '南非', '代表', '农奴', '波兰', '君主', '忠诚', '越南', '互助', '激进', '庸俗', '掀起', '党团', '党', '义', '论断', '蒙古', '社', '政权', '害怕', '平等', '共和', '强大', '粹']","{'共和': 596, '民': 8326, '社会': 102134, '民族': 14479, '自由': 5363, '党派': 834, '实行': 5790, '联盟': 1324}","{'共和': 0.013, '民': 0.032, '社会': -0.122, '民族': 0.027, '自由': 0.083, '党派': -0.037, '实行': -0.192, '联盟': -0.007}"
1967.sg,"['自发', '瑞士', '主', '高潮', '自决', '改良', '命', '粹', '强大', '共和', '平等', '害怕', '政权', '社', '蒙古', '论断', '义', '党', '党团', '庸俗', '掀起', '激进', '互助', '越南', '忠诚', '君主', '波兰', '农奴', '代表', '南非', '解放', '选举', '比利时', '走向', '西欧', '富强', '爱国', '工农', '胜利', '马赫', '革命家', '德国', '自由', '空想', '立陶宛', '专制', '匈牙利', '削弱', '西方', '民主党', '有名', '欧洲', '叫做', '奥地利', '德意志', '冒险', '争取', '氛围', '思潮', '法国', '阿尔巴尼亚', '斗争', '共产', '所谓', '伟大', '而是', '工党', '俄国', '口号', '民', '专政', '机会', '政党', '国民党', '革命', '俄', '统治', '阶级', '贵族', '制度', '和谐', '霸权', '高涨', '残酷', '残余', '葡萄牙', '苏维埃', '犹太', '奴隶', '偏见', '左派', '运动', '拥护', '派', '日本', '背叛', '摧毁', '封建', '捍卫', '意大利']","['老挝', '社会', '主义', '政治', '南斯拉夫', '孟什维克', '议会', '意大利', '捍卫', '封建', '摧毁', '背叛', '日本', '派', '拥护', '运动', '左派', '偏见', '奴隶', '犹太', '苏维埃', '葡萄牙', '残余', '残酷', '高涨', '霸权', '和谐', '制度', '贵族', '阶级', '俄', '统治', '革命', '国民党', '政党', '机会', '民', '专政', '口号', '俄国', '工党', '而是', '伟大', '所谓', '共产', '阿尔巴尼亚', '斗争', '法国', '思潮', '氛围', '争取', '冒险', '德意志', '奥地利', '叫做', '有名', '欧洲', '民主党', '西方', '削弱', '匈牙利', '立陶宛', '专制', '空想', '自由', '德国', '革命家', '马赫', '胜利', '工农', '爱国', '富强', '西欧', '走向', '比利时', '选举', '解放', '南非', '代表', '农奴', '波兰', '君主', '忠诚', '越南', '互助', '激进', '庸俗', '掀起', '党团', '党', '义', '论断', '蒙古', '社', '政权', '害怕', '平等', '共和', '强大', '粹']","{'建立': 15475, '民族': 20165, '自由': 6485, '社会': 91629}","{'建立': -0.036, '民族': -0.222, '自由': -0.494, '社会': -0.151}"
1968.sg,"['自发', '瑞士', '主', '高潮', '自决', '改良', '命', '粹', '强大', '共和', '平等', '害怕', '政权', '社', '蒙古', '论断', '义', '党', '党团', '庸俗', '掀起', '激进', '互助', '越南', '忠诚', '君主', '波兰', '农奴', '代表', '南非', '解放', '选举', '比利时', '走向', '西欧', '富强', '爱国', '工农', '胜利', '马赫', '革命家', '德国', '自由', '空想', '立陶宛', '专制', '匈牙利', '削弱', '西方', '民主党', '有名', '欧洲', '叫做', '奥地利', '德意志', '冒险', '争取', '氛围', '思潮', '法国', '阿尔巴尼亚', '斗争', '共产', '所谓', '伟大', '而是', '工党', '俄国', '口号', '民', '专政', '机会', '政党', '国民党', '革命', '俄', '统治', '阶级', '贵族', '制度', '和谐', '霸权', '高涨', '残酷', '残余', '葡萄牙', '苏维埃', '犹太', '奴隶', '偏见', '左派', '运动', '拥护', '派', '日本', '背叛', '摧毁', '封建', '捍卫', '意大利']","['老挝', '社会', '主义', '政治', '南斯拉夫', '孟什维克', '议会', '意大利', '捍卫', '封建', '摧毁', '背叛', '日本', '派', '拥护', '运动', '左派', '偏见', '奴隶', '犹太', '苏维埃', '葡萄牙', '残余', '残酷', '高涨', '霸权', '和谐', '制度', '贵族', '阶级', '俄', '统治', '革命', '国民党', '政党', '机会', '民', '专政', '口号', '俄国', '工党', '而是', '伟大', '所谓', '共产', '阿尔巴尼亚', '斗争', '法国', '思潮', '氛围', '争取', '冒险', '德意志', '奥地利', '叫做', '有名', '欧洲', '民主党', '西方', '削弱', '匈牙利', '立陶宛', '专制', '空想', '自由', '德国', '革命家', '马赫', '胜利', '工农', '爱国', '富强', '西欧', '走向', '比利时', '选举', '解放', '南非', '代表', '农奴', '波兰', '君主', '忠诚', '越南', '互助', '激进', '庸俗', '掀起', '党团', '党', '义', '论断', '蒙古', '社', '政权', '害怕', '平等', '共和', '强大', '粹']","{'保加利亚': 551, '南斯拉夫': 547, '共和': 781, '社会': 71267, '几内亚': 625, '联合': 8290, '实行': 5735, '匈牙利': 652}","{'保加利亚': -0.445, '南斯拉夫': -0.697, '共和': 0.131, '社会': 0.158, '几内亚': -0.728, '联合': -0.747, '实行': 0.766, '匈牙利': 0.04}"
1969.sg,"['自发', '瑞士', '主', '高潮', '自决', '改良', '命', '粹', '强大', '共和', '平等', '害怕', '政权', '社', '蒙古', '论断', '义', '党', '党团', '庸俗', '掀起', '激进', '互助', '越南', '忠诚', '君主', '波兰', '农奴', '代表', '南非', '解放', '选举', '比利时', '走向', '西欧', '富强', '爱国', '工农', '胜利', '马赫', '革命家', '德国', '自由', '空想', '立陶宛', '专制', '匈牙利', '削弱', '西方', '民主党', '有名', '欧洲', '叫做', '奥地利', '德意志', '冒险', '争取', '氛围', '思潮', '法国', '阿尔巴尼亚', '斗争', '共产', '所谓', '伟大', '而是', '工党', '俄国', '口号', '民', '专政', '机会', '政党', '国民党', '革命', '俄', '统治', '阶级', '贵族', '制度', '和谐', '霸权', '高涨', '残酷', '残余', '葡萄牙', '苏维埃', '犹太', '奴隶', '偏见', '左派', '运动', '拥护', '派', '日本', '背叛', '摧毁', '封建', '捍卫', '意大利']","['老挝', '社会', '主义', '政治', '南斯拉夫', '孟什维克', '议会', '意大利', '捍卫', '封建', '摧毁', '背叛', '日本', '派', '拥护', '运动', '左派', '偏见', '奴隶', '犹太', '苏维埃', '葡萄牙', '残余', '残酷', '高涨', '霸权', '和谐', '制度', '贵族', '阶级', '俄', '统治', '革命', '国民党', '政党', '机会', '民', '专政', '口号', '俄国', '工党', '而是', '伟大', '所谓', '共产', '阿尔巴尼亚', '斗争', '法国', '思潮', '氛围', '争取', '冒险', '德意志', '奥地利', '叫做', '有名', '欧洲', '民主党', '西方', '削弱', '匈牙利', '立陶宛', '专制', '空想', '自由', '德国', '革命家', '马赫', '胜利', '工农', '爱国', '富强', '西欧', '走向', '比利时', '选举', '解放', '南非', '代表', '农奴', '波兰', '君主', '忠诚', '越南', '互助', '激进', '庸俗', '掀起', '党团', '党', '义', '论断', '蒙古', '社', '政权', '害怕', '平等', '共和', '强大', '粹']","{'政府': 35577, '社会': 82655, '共和国': 8749, '联盟': 2915, '三民': 2240, '苏维埃': 1016, '主': 7746, '主张': 2918}","{'政府': -0.514, '社会': 0.314, '共和国': -0.12, '联盟': 0.737, '三民': 0.158, '苏维埃': -0.714, '主': 0.596, '主张': -0.035}"
1970.sg,"['自发', '瑞士', '主', '高潮', '自决', '改良', '命', '粹', '强大', '共和', '平等', '害怕', '政权', '社', '蒙古', '论断', '义', '党', '党团', '庸俗', '掀起', '激进', '互助', '越南', '忠诚', '君主', '波兰', '农奴', '代表', '南非', '解放', '选举', '比利时', '走向', '西欧', '富强', '爱国', '工农', '胜利', '马赫', '革命家', '德国', '自由', '空想', '立陶宛', '专制', '匈牙利', '削弱', '西方', '民主党', '有名', '欧洲', '叫做', '奥地利', '德意志', '冒险', '争取', '氛围', '思潮', '法国', '阿尔巴尼亚', '斗争', '共产', '所谓', '伟大', '而是', '工党', '俄国', '口号', '民', '专政', '机会', '政党', '国民党', '革命', '俄', '统治', '阶级', '贵族', '制度', '和谐', '霸权', '高涨', '残酷', '残余', '葡萄牙', '苏维埃', '犹太', '奴隶', '偏见', '左派', '运动', '拥护', '派', '日本', '背叛', '摧毁', '封建', '捍卫', '意大利']","['老挝', '社会', '主义', '政治', '南斯拉夫', '孟什维克', '议会', '意大利', '捍卫', '封建', '摧毁', '背叛', '日本', '派', '拥护', '运动', '左派', '偏见', '奴隶', '犹太', '苏维埃', '葡萄牙', '残余', '残酷', '高涨', '霸权', '和谐', '制度', '贵族', '阶级', '俄', '统治', '革命', '国民党', '政党', '机会', '民', '专政', '口号', '俄国', '工党', '而是', '伟大', '所谓', '共产', '阿尔巴尼亚', '斗争', '法国', '思潮', '氛围', '争取', '冒险', '德意志', '奥地利', '叫做', '有名', '欧洲', '民主党', '西方', '削弱', '匈牙利', '立陶宛', '专制', '空想', '自由', '德国', '革命家', '马赫', '胜利', '工农', '爱国', '富强', '西欧', '走向', '比利时', '选举', '解放', '南非', '代表', '农奴', '波兰', '君主', '忠诚', '越南', '互助', '激进', '庸俗', '掀起', '党团', '党', '义', '论断', '蒙古', '社', '政权', '害怕', '平等', '共和', '强大', '粹']","{'共和': 2168, '社会': 80146, '中华': 8466, '政府': 36007, '北方': 532, '主': 7889, '联盟': 1211, '民族': 24859, '共和国': 18315, '三民': 1991}","{'共和': -0.152, '社会': 0.152, '中华': -0.085, '政府': 0.071, '北方': -0.117, '主': -0.033, '联盟': 0.111, '民族': -0.115, '共和国': -0.06, '三民': 0.03}"
1971.sg,"['自发', '瑞士', '主', '高潮', '自决', '改良', '命', '粹', '强大', '共和', '平等', '害怕', '政权', '社', '蒙古', '论断', '义', '党', '党团', '庸俗', '掀起', '激进', '互助', '越南', '忠诚', '君主', '波兰', '农奴', '代表', '南非', '解放', '选举', '比利时', '走向', '西欧', '富强', '爱国', '工农', '胜利', '马赫', '革命家', '德国', '自由', '空想', '立陶宛', '专制', '匈牙利', '削弱', '西方', '民主党', '有名', '欧洲', '叫做', '奥地利', '德意志', '冒险', '争取', '氛围', '思潮', '法国', '阿尔巴尼亚', '斗争', '共产', '所谓', '伟大', '而是', '工党', '俄国', '口号', '民', '专政', '机会', '政党', '国民党', '革命', '俄', '统治', '阶级', '贵族', '制度', '和谐', '霸权', '高涨', '残酷', '残余', '葡萄牙', '苏维埃', '犹太', '奴隶', '偏见', '左派', '运动', '拥护', '派', '日本', '背叛', '摧毁', '封建', '捍卫', '意大利']","['老挝', '社会', '主义', '政治', '南斯拉夫', '孟什维克', '议会', '意大利', '捍卫', '封建', '摧毁', '背叛', '日本', '派', '拥护', '运动', '左派', '偏见', '奴隶', '犹太', '苏维埃', '葡萄牙', '残余', '残酷', '高涨', '霸权', '和谐', '制度', '贵族', '阶级', '俄', '统治', '革命', '国民党', '政党', '机会', '民', '专政', '口号', '俄国', '工党', '而是', '伟大', '所谓', '共产', '阿尔巴尼亚', '斗争', '法国', '思潮', '氛围', '争取', '冒险', '德意志', '奥地利', '叫做', '有名', '欧洲', '民主党', '西方', '削弱', '匈牙利', '立陶宛', '专制', '空想', '自由', '德国', '革命家', '马赫', '胜利', '工农', '爱国', '富强', '西欧', '走向', '比利时', '选举', '解放', '南非', '代表', '农奴', '波兰', '君主', '忠诚', '越南', '互助', '激进', '庸俗', '掀起', '党团', '党', '义', '论断', '蒙古', '社', '政权', '害怕', '平等', '共和', '强大', '粹']","{'联邦': 1011, '罗马尼亚': 1542, '共和国': 35018, '苏维埃': 715, '民': 9443, '政府': 47871}","{'联邦': -0.831, '罗马尼亚': -0.076, '共和国': 0.103, '苏维埃': -0.181, '民': 0.091, '政府': 0.009}"
1972.sg,"['自发', '瑞士', '主', '高潮', '自决', '改良', '命', '粹', '强大', '共和', '平等', '害怕', '政权', '社', '蒙古', '论断', '义', '党', '党团', '庸俗', '掀起', '激进', '互助', '越南', '忠诚', '君主', '波兰', '农奴', '代表', '南非', '解放', '选举', '比利时', '走向', '西欧', '富强', '爱国', '工农', '胜利', '马赫', '革命家', '德国', '自由', '空想', '立陶宛', '专制', '匈牙利', '削弱', '西方', '民主党', '有名', '欧洲', '叫做', '奥地利', '德意志', '冒险', '争取', '氛围', '思潮', '法国', '阿尔巴尼亚', '斗争', '共产', '所谓', '伟大', '而是', '工党', '俄国', '口号', '民', '专政', '机会', '政党', '国民党', '革命', '俄', '统治', '阶级', '贵族', '制度', '和谐', '霸权', '高涨', '残酷', '残余', '葡萄牙', '苏维埃', '犹太', '奴隶', '偏见', '左派', '运动', '拥护', '派', '日本', '背叛', '摧毁', '封建', '捍卫', '意大利']","['老挝', '社会', '主义', '政治', '南斯拉夫', '孟什维克', '议会', '意大利', '捍卫', '封建', '摧毁', '背叛', '日本', '派', '拥护', '运动', '左派', '偏见', '奴隶', '犹太', '苏维埃', '葡萄牙', '残余', '残酷', '高涨', '霸权', '和谐', '制度', '贵族', '阶级', '俄', '统治', '革命', '国民党', '政党', '机会', '民', '专政', '口号', '俄国', '工党', '而是', '伟大', '所谓', '共产', '阿尔巴尼亚', '斗争', '法国', '思潮', '氛围', '争取', '冒险', '德意志', '奥地利', '叫做', '有名', '欧洲', '民主党', '西方', '削弱', '匈牙利', '立陶宛', '专制', '空想', '自由', '德国', '革命家', '马赫', '胜利', '工农', '爱国', '富强', '西欧', '走向', '比利时', '选举', '解放', '南非', '代表', '农奴', '波兰', '君主', '忠诚', '越南', '互助', '激进', '庸俗', '掀起', '党团', '党', '义', '论断', '蒙古', '社', '政权', '害怕', '平等', '共和', '强大', '粹']","{'共和': 2531, '苏维埃': 653, '政府': 31740, '社会': 95314, '民': 6648, '革命': 72239, '共和国': 15996, '联邦': 762, '临时': 1895, '中华': 6017, '代表': 31246}","{'共和': -0.153, '苏维埃': 0.322, '政府': 0.058, '社会': -0.032, '民': 0.039, '革命': 0.111, '共和国': 0.018, '联邦': -0.125, '临时': -0.213, '中华': -0.173, '代表': -0.17}"
1973.sg,"['自发', '瑞士', '主', '高潮', '自决', '改良', '命', '粹', '强大', '共和', '平等', '害怕', '政权', '社', '蒙古', '论断', '义', '党', '党团', '庸俗', '掀起', '激进', '互助', '越南', '忠诚', '君主', '波兰', '农奴', '代表', '南非', '解放', '选举', '比利时', '走向', '西欧', '富强', '爱国', '工农', '胜利', '马赫', '革命家', '德国', '自由', '空想', '立陶宛', '专制', '匈牙利', '削弱', '西方', '民主党', '有名', '欧洲', '叫做', '奥地利', '德意志', '冒险', '争取', '氛围', '思潮', '法国', '阿尔巴尼亚', '斗争', '共产', '所谓', '伟大', '而是', '工党', '俄国', '口号', '民', '专政', '机会', '政党', '国民党', '革命', '俄', '统治', '阶级', '贵族', '制度', '和谐', '霸权', '高涨', '残酷', '残余', '葡萄牙', '苏维埃', '犹太', '奴隶', '偏见', '左派', '运动', '拥护', '派', '日本', '背叛', '摧毁', '封建', '捍卫', '意大利']","['老挝', '社会', '主义', '政治', '南斯拉夫', '孟什维克', '议会', '意大利', '捍卫', '封建', '摧毁', '背叛', '日本', '派', '拥护', '运动', '左派', '偏见', '奴隶', '犹太', '苏维埃', '葡萄牙', '残余', '残酷', '高涨', '霸权', '和谐', '制度', '贵族', '阶级', '俄', '统治', '革命', '国民党', '政党', '机会', '民', '专政', '口号', '俄国', '工党', '而是', '伟大', '所谓', '共产', '阿尔巴尼亚', '斗争', '法国', '思潮', '氛围', '争取', '冒险', '德意志', '奥地利', '叫做', '有名', '欧洲', '民主党', '西方', '削弱', '匈牙利', '立陶宛', '专制', '空想', '自由', '德国', '革命家', '马赫', '胜利', '工农', '爱国', '富强', '西欧', '走向', '比利时', '选举', '解放', '南非', '代表', '农奴', '波兰', '君主', '忠诚', '越南', '互助', '激进', '庸俗', '掀起', '党团', '党', '义', '论断', '蒙古', '社', '政权', '害怕', '平等', '共和', '强大', '粹']","{'政府': 22904, '共和国': 8204, '共和': 1803, '中华': 3655, '民': 5379, '阿尔巴尼亚': 817}","{'政府': 0.005, '共和国': -0.012, '共和': 0.016, '中华': -0.034, '民': 0.089, '阿尔巴尼亚': 0.228}"
1974.sg,"['自发', '瑞士', '主', '高潮', '自决', '改良', '命', '粹', '强大', '共和', '平等', '害怕', '政权', '社', '蒙古', '论断', '义', '党', '党团', '庸俗', '掀起', '激进', '互助', '越南', '忠诚', '君主', '波兰', '农奴', '代表', '南非', '解放', '选举', '比利时', '走向', '西欧', '富强', '爱国', '工农', '胜利', '马赫', '革命家', '德国', '自由', '空想', '立陶宛', '专制', '匈牙利', '削弱', '西方', '民主党', '有名', '欧洲', '叫做', '奥地利', '德意志', '冒险', '争取', '氛围', '思潮', '法国', '阿尔巴尼亚', '斗争', '共产', '所谓', '伟大', '而是', '工党', '俄国', '口号', '民', '专政', '机会', '政党', '国民党', '革命', '俄', '统治', '阶级', '贵族', '制度', '和谐', '霸权', '高涨', '残酷', '残余', '葡萄牙', '苏维埃', '犹太', '奴隶', '偏见', '左派', '运动', '拥护', '派', '日本', '背叛', '摧毁', '封建', '捍卫', '意大利']","['老挝', '社会', '主义', '政治', '南斯拉夫', '孟什维克', '议会', '意大利', '捍卫', '封建', '摧毁', '背叛', '日本', '派', '拥护', '运动', '左派', '偏见', '奴隶', '犹太', '苏维埃', '葡萄牙', '残余', '残酷', '高涨', '霸权', '和谐', '制度', '贵族', '阶级', '俄', '统治', '革命', '国民党', '政党', '机会', '民', '专政', '口号', '俄国', '工党', '而是', '伟大', '所谓', '共产', '阿尔巴尼亚', '斗争', '法国', '思潮', '氛围', '争取', '冒险', '德意志', '奥地利', '叫做', '有名', '欧洲', '民主党', '西方', '削弱', '匈牙利', '立陶宛', '专制', '空想', '自由', '德国', '革命家', '马赫', '胜利', '工农', '爱国', '富强', '西欧', '走向', '比利时', '选举', '解放', '南非', '代表', '农奴', '波兰', '君主', '忠诚', '越南', '互助', '激进', '庸俗', '掀起', '党团', '党', '义', '论断', '蒙古', '社', '政权', '害怕', '平等', '共和', '强大', '粹']","{'苏维埃': 824, '民': 6383, '共和': 1555, '革命': 84037, '临时': 1195, '命': 5026, '联邦': 764}","{'苏维埃': -0.098, '民': 0.235, '共和': -0.043, '革命': -0.137, '临时': 0.741, '命': 0.12, '联邦': 0.661}"
1975.sg,"['自发', '瑞士', '主', '高潮', '自决', '改良', '命', '粹', '强大', '共和', '平等', '害怕', '政权', '社', '蒙古', '论断', '义', '党', '党团', '庸俗', '掀起', '激进', '互助', '越南', '忠诚', '君主', '波兰', '农奴', '代表', '南非', '解放', '选举', '比利时', '走向', '西欧', '富强', '爱国', '工农', '胜利', '马赫', '革命家', '德国', '自由', '空想', '立陶宛', '专制', '匈牙利', '削弱', '西方', '民主党', '有名', '欧洲', '叫做', '奥地利', '德意志', '冒险', '争取', '氛围', '思潮', '法国', '阿尔巴尼亚', '斗争', '共产', '所谓', '伟大', '而是', '工党', '俄国', '口号', '民', '专政', '机会', '政党', '国民党', '革命', '俄', '统治', '阶级', '贵族', '制度', '和谐', '霸权', '高涨', '残酷', '残余', '葡萄牙', '苏维埃', '犹太', '奴隶', '偏见', '左派', '运动', '拥护', '派', '日本', '背叛', '摧毁', '封建', '捍卫', '意大利']","['老挝', '社会', '主义', '政治', '南斯拉夫', '孟什维克', '议会', '意大利', '捍卫', '封建', '摧毁', '背叛', '日本', '派', '拥护', '运动', '左派', '偏见', '奴隶', '犹太', '苏维埃', '葡萄牙', '残余', '残酷', '高涨', '霸权', '和谐', '制度', '贵族', '阶级', '俄', '统治', '革命', '国民党', '政党', '机会', '民', '专政', '口号', '俄国', '工党', '而是', '伟大', '所谓', '共产', '阿尔巴尼亚', '斗争', '法国', '思潮', '氛围', '争取', '冒险', '德意志', '奥地利', '叫做', '有名', '欧洲', '民主党', '西方', '削弱', '匈牙利', '立陶宛', '专制', '空想', '自由', '德国', '革命家', '马赫', '胜利', '工农', '爱国', '富强', '西欧', '走向', '比利时', '选举', '解放', '南非', '代表', '农奴', '波兰', '君主', '忠诚', '越南', '互助', '激进', '庸俗', '掀起', '党团', '党', '义', '论断', '蒙古', '社', '政权', '害怕', '平等', '共和', '强大', '粹']","{'爱国': 1133, '社会': 134532, '苏维埃': 887, '革命': 83453, '俄国': 877, '法西斯': 540, '民': 5936, '人士': 851, '反对': 12255}","{'爱国': -0.149, '社会': 0.068, '苏维埃': 0.053, '革命': 0.018, '俄国': 0.176, '法西斯': 0.099, '民': 0.062, '人士': 0.183, '反对': -0.041}"
1976.sg,"['自发', '瑞士', '主', '高潮', '自决', '改良', '命', '粹', '强大', '共和', '平等', '害怕', '政权', '社', '蒙古', '论断', '义', '党', '党团', '庸俗', '掀起', '激进', '互助', '越南', '忠诚', '君主', '波兰', '农奴', '代表', '南非', '解放', '选举', '比利时', '走向', '西欧', '富强', '爱国', '工农', '胜利', '马赫', '革命家', '德国', '自由', '空想', '立陶宛', '专制', '匈牙利', '削弱', '西方', '民主党', '有名', '欧洲', '叫做', '奥地利', '德意志', '冒险', '争取', '氛围', '思潮', '法国', '阿尔巴尼亚', '斗争', '共产', '所谓', '伟大', '而是', '工党', '俄国', '口号', '民', '专政', '机会', '政党', '国民党', '革命', '俄', '统治', '阶级', '贵族', '制度', '和谐', '霸权', '高涨', '残酷', '残余', '葡萄牙', '苏维埃', '犹太', '奴隶', '偏见', '左派', '运动', '拥护', '派', '日本', '背叛', '摧毁', '封建', '捍卫', '意大利']","['老挝', '社会', '主义', '政治', '南斯拉夫', '孟什维克', '议会', '意大利', '捍卫', '封建', '摧毁', '背叛', '日本', '派', '拥护', '运动', '左派', '偏见', '奴隶', '犹太', '苏维埃', '葡萄牙', '残余', '残酷', '高涨', '霸权', '和谐', '制度', '贵族', '阶级', '俄', '统治', '革命', '国民党', '政党', '机会', '民', '专政', '口号', '俄国', '工党', '而是', '伟大', '所谓', '共产', '阿尔巴尼亚', '斗争', '法国', '思潮', '氛围', '争取', '冒险', '德意志', '奥地利', '叫做', '有名', '欧洲', '民主党', '西方', '削弱', '匈牙利', '立陶宛', '专制', '空想', '自由', '德国', '革命家', '马赫', '胜利', '工农', '爱国', '富强', '西欧', '走向', '比利时', '选举', '解放', '南非', '代表', '农奴', '波兰', '君主', '忠诚', '越南', '互助', '激进', '庸俗', '掀起', '党团', '党', '义', '论断', '蒙古', '社', '政权', '害怕', '平等', '共和', '强大', '粹']","{'苏维埃': 553, '社会': 117818, '革命': 97641, '越南': 1060, '爱国': 651}","{'苏维埃': 0.284, '社会': -0.267, '革命': 0.217, '越南': 0.181, '爱国': -0.121}"
1977.sg,"['自发', '瑞士', '主', '高潮', '自决', '改良', '命', '粹', '强大', '共和', '平等', '害怕', '政权', '社', '蒙古', '论断', '义', '党', '党团', '庸俗', '掀起', '激进', '互助', '越南', '忠诚', '君主', '波兰', '农奴', '代表', '南非', '解放', '选举', '比利时', '走向', '西欧', '富强', '爱国', '工农', '胜利', '马赫', '革命家', '德国', '自由', '空想', '立陶宛', '专制', '匈牙利', '削弱', '西方', '民主党', '有名', '欧洲', '叫做', '奥地利', '德意志', '冒险', '争取', '氛围', '思潮', '法国', '阿尔巴尼亚', '斗争', '共产', '所谓', '伟大', '而是', '工党', '俄国', '口号', '民', '专政', '机会', '政党', '国民党', '革命', '俄', '统治', '阶级', '贵族', '制度', '和谐', '霸权', '高涨', '残酷', '残余', '葡萄牙', '苏维埃', '犹太', '奴隶', '偏见', '左派', '运动', '拥护', '派', '日本', '背叛', '摧毁', '封建', '捍卫', '意大利']","['老挝', '社会', '主义', '政治', '南斯拉夫', '孟什维克', '议会', '意大利', '捍卫', '封建', '摧毁', '背叛', '日本', '派', '拥护', '运动', '左派', '偏见', '奴隶', '犹太', '苏维埃', '葡萄牙', '残余', '残酷', '高涨', '霸权', '和谐', '制度', '贵族', '阶级', '俄', '统治', '革命', '国民党', '政党', '机会', '民', '专政', '口号', '俄国', '工党', '而是', '伟大', '所谓', '共产', '阿尔巴尼亚', '斗争', '法国', '思潮', '氛围', '争取', '冒险', '德意志', '奥地利', '叫做', '有名', '欧洲', '民主党', '西方', '削弱', '匈牙利', '立陶宛', '专制', '空想', '自由', '德国', '革命家', '马赫', '胜利', '工农', '爱国', '富强', '西欧', '走向', '比利时', '选举', '解放', '南非', '代表', '农奴', '波兰', '君主', '忠诚', '越南', '互助', '激进', '庸俗', '掀起', '党团', '党', '义', '论断', '蒙古', '社', '政权', '害怕', '平等', '共和', '强大', '粹']","{'民': 5922, '苏维埃': 601, '民主党': 568, '社会': 107422, '封建': 5991, '革命': 86667, '爱国': 1189}","{'民': 0.009, '苏维埃': -0.089, '民主党': -0.128, '社会': -0.147, '封建': 0.151, '革命': -0.099, '爱国': 0.014}"
1978.sg,"['自发', '瑞士', '主', '高潮', '自决', '改良', '命', '粹', '强大', '共和', '平等', '害怕', '政权', '社', '蒙古', '论断', '义', '党', '党团', '庸俗', '掀起', '激进', '互助', '越南', '忠诚', '君主', '波兰', '农奴', '代表', '南非', '解放', '选举', '比利时', '走向', '西欧', '富强', '爱国', '工农', '胜利', '马赫', '革命家', '德国', '自由', '空想', '立陶宛', '专制', '匈牙利', '削弱', '西方', '民主党', '有名', '欧洲', '叫做', '奥地利', '德意志', '冒险', '争取', '氛围', '思潮', '法国', '阿尔巴尼亚', '斗争', '共产', '所谓', '伟大', '而是', '工党', '俄国', '口号', '民', '专政', '机会', '政党', '国民党', '革命', '俄', '统治', '阶级', '贵族', '制度', '和谐', '霸权', '高涨', '残酷', '残余', '葡萄牙', '苏维埃', '犹太', '奴隶', '偏见', '左派', '运动', '拥护', '派', '日本', '背叛', '摧毁', '封建', '捍卫', '意大利']","['老挝', '社会', '主义', '政治', '南斯拉夫', '孟什维克', '议会', '意大利', '捍卫', '封建', '摧毁', '背叛', '日本', '派', '拥护', '运动', '左派', '偏见', '奴隶', '犹太', '苏维埃', '葡萄牙', '残余', '残酷', '高涨', '霸权', '和谐', '制度', '贵族', '阶级', '俄', '统治', '革命', '国民党', '政党', '机会', '民', '专政', '口号', '俄国', '工党', '而是', '伟大', '所谓', '共产', '阿尔巴尼亚', '斗争', '法国', '思潮', '氛围', '争取', '冒险', '德意志', '奥地利', '叫做', '有名', '欧洲', '民主党', '西方', '削弱', '匈牙利', '立陶宛', '专制', '空想', '自由', '德国', '革命家', '马赫', '胜利', '工农', '爱国', '富强', '西欧', '走向', '比利时', '选举', '解放', '南非', '代表', '农奴', '波兰', '君主', '忠诚', '越南', '互助', '激进', '庸俗', '掀起', '党团', '党', '义', '论断', '蒙古', '社', '政权', '害怕', '平等', '共和', '强大', '粹']","{'社会': 101508, '革命': 64017, '命': 3176, '改良': 657, '苏维埃': 863, '爱国': 1341, '纲领': 914}","{'社会': -0.013, '革命': -0.001, '命': -0.032, '改良': -0.059, '苏维埃': 0.053, '爱国': 0.308, '纲领': -0.037}"
1979.sg,"['自发', '瑞士', '主', '高潮', '自决', '改良', '命', '粹', '强大', '共和', '平等', '害怕', '政权', '社', '蒙古', '论断', '义', '党', '党团', '庸俗', '掀起', '激进', '互助', '越南', '忠诚', '君主', '波兰', '农奴', '代表', '南非', '解放', '选举', '比利时', '走向', '西欧', '富强', '爱国', '工农', '胜利', '马赫', '革命家', '德国', '自由', '空想', '立陶宛', '专制', '匈牙利', '削弱', '西方', '民主党', '有名', '欧洲', '叫做', '奥地利', '德意志', '冒险', '争取', '氛围', '思潮', '法国', '阿尔巴尼亚', '斗争', '共产', '所谓', '伟大', '而是', '工党', '俄国', '口号', '民', '专政', '机会', '政党', '国民党', '革命', '俄', '统治', '阶级', '贵族', '制度', '和谐', '霸权', '高涨', '残酷', '残余', '葡萄牙', '苏维埃', '犹太', '奴隶', '偏见', '左派', '运动', '拥护', '派', '日本', '背叛', '摧毁', '封建', '捍卫', '意大利']","['老挝', '社会', '主义', '政治', '南斯拉夫', '孟什维克', '议会', '意大利', '捍卫', '封建', '摧毁', '背叛', '日本', '派', '拥护', '运动', '左派', '偏见', '奴隶', '犹太', '苏维埃', '葡萄牙', '残余', '残酷', '高涨', '霸权', '和谐', '制度', '贵族', '阶级', '俄', '统治', '革命', '国民党', '政党', '机会', '民', '专政', '口号', '俄国', '工党', '而是', '伟大', '所谓', '共产', '阿尔巴尼亚', '斗争', '法国', '思潮', '氛围', '争取', '冒险', '德意志', '奥地利', '叫做', '有名', '欧洲', '民主党', '西方', '削弱', '匈牙利', '立陶宛', '专制', '空想', '自由', '德国', '革命家', '马赫', '胜利', '工农', '爱国', '富强', '西欧', '走向', '比利时', '选举', '解放', '南非', '代表', '农奴', '波兰', '君主', '忠诚', '越南', '互助', '激进', '庸俗', '掀起', '党团', '党', '义', '论断', '蒙古', '社', '政权', '害怕', '平等', '共和', '强大', '粹']","{'改良': 903, '法制': 1436, '革命': 52350, '自由': 6739, '社会': 103316, '命': 2487, '保障': 2182, '主': 7823, '苏维埃': 1114}","{'改良': -0.014, '法制': 0.057, '革命': 0.062, '自由': -0.175, '社会': 0.155, '命': 0.021, '保障': 0.055, '主': -0.082, '苏维埃': -0.064}"
1980.sg,"['自发', '瑞士', '主', '高潮', '自决', '改良', '命', '粹', '强大', '共和', '平等', '害怕', '政权', '社', '蒙古', '论断', '义', '党', '党团', '庸俗', '掀起', '激进', '互助', '越南', '忠诚', '君主', '波兰', '农奴', '代表', '南非', '解放', '选举', '比利时', '走向', '西欧', '富强', '爱国', '工农', '胜利', '马赫', '革命家', '德国', '自由', '空想', '立陶宛', '专制', '匈牙利', '削弱', '西方', '民主党', '有名', '欧洲', '叫做', '奥地利', '德意志', '冒险', '争取', '氛围', '思潮', '法国', '阿尔巴尼亚', '斗争', '共产', '所谓', '伟大', '而是', '工党', '俄国', '口号', '民', '专政', '机会', '政党', '国民党', '革命', '俄', '统治', '阶级', '贵族', '制度', '和谐', '霸权', '高涨', '残酷', '残余', '葡萄牙', '苏维埃', '犹太', '奴隶', '偏见', '左派', '运动', '拥护', '派', '日本', '背叛', '摧毁', '封建', '捍卫', '意大利']","['老挝', '社会', '主义', '政治', '南斯拉夫', '孟什维克', '议会', '意大利', '捍卫', '封建', '摧毁', '背叛', '日本', '派', '拥护', '运动', '左派', '偏见', '奴隶', '犹太', '苏维埃', '葡萄牙', '残余', '残酷', '高涨', '霸权', '和谐', '制度', '贵族', '阶级', '俄', '统治', '革命', '国民党', '政党', '机会', '民', '专政', '口号', '俄国', '工党', '而是', '伟大', '所谓', '共产', '阿尔巴尼亚', '斗争', '法国', '思潮', '氛围', '争取', '冒险', '德意志', '奥地利', '叫做', '有名', '欧洲', '民主党', '西方', '削弱', '匈牙利', '立陶宛', '专制', '空想', '自由', '德国', '革命家', '马赫', '胜利', '工农', '爱国', '富强', '西欧', '走向', '比利时', '选举', '解放', '南非', '代表', '农奴', '波兰', '君主', '忠诚', '越南', '互助', '激进', '庸俗', '掀起', '党团', '党', '义', '论断', '蒙古', '社', '政权', '害怕', '平等', '共和', '强大', '粹']","{'革命': 43049, '法制': 1198, '苏维埃': 812, '社会': 110232, '专政': 1809, '自由': 6417}","{'革命': 0.002, '法制': -0.028, '苏维埃': -0.097, '社会': 0.123, '专政': 0.01, '自由': 0.066}"
1981.sg,"['自发', '瑞士', '主', '高潮', '自决', '改良', '命', '粹', '强大', '共和', '平等', '害怕', '政权', '社', '蒙古', '论断', '义', '党', '党团', '庸俗', '掀起', '激进', '互助', '越南', '忠诚', '君主', '波兰', '农奴', '代表', '南非', '解放', '选举', '比利时', '走向', '西欧', '富强', '爱国', '工农', '胜利', '马赫', '革命家', '德国', '自由', '空想', '立陶宛', '专制', '匈牙利', '削弱', '西方', '民主党', '有名', '欧洲', '叫做', '奥地利', '德意志', '冒险', '争取', '氛围', '思潮', '法国', '阿尔巴尼亚', '斗争', '共产', '所谓', '伟大', '而是', '工党', '俄国', '口号', '民', '专政', '机会', '政党', '国民党', '革命', '俄', '统治', '阶级', '贵族', '制度', '和谐', '霸权', '高涨', '残酷', '残余', '葡萄牙', '苏维埃', '犹太', '奴隶', '偏见', '左派', '运动', '拥护', '派', '日本', '背叛', '摧毁', '封建', '捍卫', '意大利']","['老挝', '社会', '主义', '政治', '南斯拉夫', '孟什维克', '议会', '意大利', '捍卫', '封建', '摧毁', '背叛', '日本', '派', '拥护', '运动', '左派', '偏见', '奴隶', '犹太', '苏维埃', '葡萄牙', '残余', '残酷', '高涨', '霸权', '和谐', '制度', '贵族', '阶级', '俄', '统治', '革命', '国民党', '政党', '机会', '民', '专政', '口号', '俄国', '工党', '而是', '伟大', '所谓', '共产', '阿尔巴尼亚', '斗争', '法国', '思潮', '氛围', '争取', '冒险', '德意志', '奥地利', '叫做', '有名', '欧洲', '民主党', '西方', '削弱', '匈牙利', '立陶宛', '专制', '空想', '自由', '德国', '革命家', '马赫', '胜利', '工农', '爱国', '富强', '西欧', '走向', '比利时', '选举', '解放', '南非', '代表', '农奴', '波兰', '君主', '忠诚', '越南', '互助', '激进', '庸俗', '掀起', '党团', '党', '义', '论断', '蒙古', '社', '政权', '害怕', '平等', '共和', '强大', '粹']","{'革命': 42539, '法制': 1347, '专政': 1675, '共和': 551, '三民': 1104, '自由': 7094, '资产': 14925, '制度': 18487, '政治': 32137, '社会': 118410, '苏维埃': 829, '军队': 2716, '阶级': 46145}","{'革命': 0.175, '法制': -0.169, '专政': -0.148, '共和': 0.027, '三民': 0.026, '自由': 0.008, '资产': 0.174, '制度': 0.754, '政治': 0.092, '社会': 0.086, '苏维埃': -0.119, '军队': -0.672, '阶级': 0.108}"
1982.sg,"['自发', '瑞士', '主', '高潮', '自决', '改良', '命', '粹', '强大', '共和', '平等', '害怕', '政权', '社', '蒙古', '论断', '义', '党', '党团', '庸俗', '掀起', '激进', '互助', '越南', '忠诚', '君主', '波兰', '农奴', '代表', '南非', '解放', '选举', '比利时', '走向', '西欧', '富强', '爱国', '工农', '胜利', '马赫', '革命家', '德国', '自由', '空想', '立陶宛', '专制', '匈牙利', '削弱', '西方', '民主党', '有名', '欧洲', '叫做', '奥地利', '德意志', '冒险', '争取', '氛围', '思潮', '法国', '阿尔巴尼亚', '斗争', '共产', '所谓', '伟大', '而是', '工党', '俄国', '口号', '民', '专政', '机会', '政党', '国民党', '革命', '俄', '统治', '阶级', '贵族', '制度', '和谐', '霸权', '高涨', '残酷', '残余', '葡萄牙', '苏维埃', '犹太', '奴隶', '偏见', '左派', '运动', '拥护', '派', '日本', '背叛', '摧毁', '封建', '捍卫', '意大利']","['老挝', '社会', '主义', '政治', '南斯拉夫', '孟什维克', '议会', '意大利', '捍卫', '封建', '摧毁', '背叛', '日本', '派', '拥护', '运动', '左派', '偏见', '奴隶', '犹太', '苏维埃', '葡萄牙', '残余', '残酷', '高涨', '霸权', '和谐', '制度', '贵族', '阶级', '俄', '统治', '革命', '国民党', '政党', '机会', '民', '专政', '口号', '俄国', '工党', '而是', '伟大', '所谓', '共产', '阿尔巴尼亚', '斗争', '法国', '思潮', '氛围', '争取', '冒险', '德意志', '奥地利', '叫做', '有名', '欧洲', '民主党', '西方', '削弱', '匈牙利', '立陶宛', '专制', '空想', '自由', '德国', '革命家', '马赫', '胜利', '工农', '爱国', '富强', '西欧', '走向', '比利时', '选举', '解放', '南非', '代表', '农奴', '波兰', '君主', '忠诚', '越南', '互助', '激进', '庸俗', '掀起', '党团', '党', '义', '论断', '蒙古', '社', '政权', '害怕', '平等', '共和', '强大', '粹']","{'三民': 739, '爱国': 1537, '革命': 35220, '专政': 1428, '改良': 546, '社会': 122348, '封建': 6907}","{'三民': 0.036, '爱国': -0.092, '革命': -0.042, '专政': 0.082, '改良': -0.033, '社会': -0.054, '封建': 0.095}"
1983.sg,"['自发', '瑞士', '主', '高潮', '自决', '改良', '命', '粹', '强大', '共和', '平等', '害怕', '政权', '社', '蒙古', '论断', '义', '党', '党团', '庸俗', '掀起', '激进', '互助', '越南', '忠诚', '君主', '波兰', '农奴', '代表', '南非', '解放', '选举', '比利时', '走向', '西欧', '富强', '爱国', '工农', '胜利', '马赫', '革命家', '德国', '自由', '空想', '立陶宛', '专制', '匈牙利', '削弱', '西方', '民主党', '有名', '欧洲', '叫做', '奥地利', '德意志', '冒险', '争取', '氛围', '思潮', '法国', '阿尔巴尼亚', '斗争', '共产', '所谓', '伟大', '而是', '工党', '俄国', '口号', '民', '专政', '机会', '政党', '国民党', '革命', '俄', '统治', '阶级', '贵族', '制度', '和谐', '霸权', '高涨', '残酷', '残余', '葡萄牙', '苏维埃', '犹太', '奴隶', '偏见', '左派', '运动', '拥护', '派', '日本', '背叛', '摧毁', '封建', '捍卫', '意大利']","['老挝', '社会', '主义', '政治', '南斯拉夫', '孟什维克', '议会', '意大利', '捍卫', '封建', '摧毁', '背叛', '日本', '派', '拥护', '运动', '左派', '偏见', '奴隶', '犹太', '苏维埃', '葡萄牙', '残余', '残酷', '高涨', '霸权', '和谐', '制度', '贵族', '阶级', '俄', '统治', '革命', '国民党', '政党', '机会', '民', '专政', '口号', '俄国', '工党', '而是', '伟大', '所谓', '共产', '阿尔巴尼亚', '斗争', '法国', '思潮', '氛围', '争取', '冒险', '德意志', '奥地利', '叫做', '有名', '欧洲', '民主党', '西方', '削弱', '匈牙利', '立陶宛', '专制', '空想', '自由', '德国', '革命家', '马赫', '胜利', '工农', '爱国', '富强', '西欧', '走向', '比利时', '选举', '解放', '南非', '代表', '农奴', '波兰', '君主', '忠诚', '越南', '互助', '激进', '庸俗', '掀起', '党团', '党', '义', '论断', '蒙古', '社', '政权', '害怕', '平等', '共和', '强大', '粹']","{'专政': 1407, '革命': 37169, '政权': 3199, '改良': 562, '社会': 124331, '命': 1912, '反对': 6232, '三民': 752, '资产': 14233, '保障': 1886, '走向': 798}","{'专政': -0.021, '革命': -0.007, '政权': 0.131, '改良': -0.197, '社会': -0.174, '命': 0.069, '反对': -0.089, '三民': -0.145, '资产': 0.032, '保障': -0.032, '走向': -0.075}"
1984.sg,"['自发', '瑞士', '主', '高潮', '自决', '改良', '命', '粹', '强大', '共和', '平等', '害怕', '政权', '社', '蒙古', '论断', '义', '党', '党团', '庸俗', '掀起', '激进', '互助', '越南', '忠诚', '君主', '波兰', '农奴', '代表', '南非', '解放', '选举', '比利时', '走向', '西欧', '富强', '爱国', '工农', '胜利', '马赫', '革命家', '德国', '自由', '空想', '立陶宛', '专制', '匈牙利', '削弱', '西方', '民主党', '有名', '欧洲', '叫做', '奥地利', '德意志', '冒险', '争取', '氛围', '思潮', '法国', '阿尔巴尼亚', '斗争', '共产', '所谓', '伟大', '而是', '工党', '俄国', '口号', '民', '专政', '机会', '政党', '国民党', '革命', '俄', '统治', '阶级', '贵族', '制度', '和谐', '霸权', '高涨', '残酷', '残余', '葡萄牙', '苏维埃', '犹太', '奴隶', '偏见', '左派', '运动', '拥护', '派', '日本', '背叛', '摧毁', '封建', '捍卫', '意大利']","['老挝', '社会', '主义', '政治', '南斯拉夫', '孟什维克', '议会', '意大利', '捍卫', '封建', '摧毁', '背叛', '日本', '派', '拥护', '运动', '左派', '偏见', '奴隶', '犹太', '苏维埃', '葡萄牙', '残余', '残酷', '高涨', '霸权', '和谐', '制度', '贵族', '阶级', '俄', '统治', '革命', '国民党', '政党', '机会', '民', '专政', '口号', '俄国', '工党', '而是', '伟大', '所谓', '共产', '阿尔巴尼亚', '斗争', '法国', '思潮', '氛围', '争取', '冒险', '德意志', '奥地利', '叫做', '有名', '欧洲', '民主党', '西方', '削弱', '匈牙利', '立陶宛', '专制', '空想', '自由', '德国', '革命家', '马赫', '胜利', '工农', '爱国', '富强', '西欧', '走向', '比利时', '选举', '解放', '南非', '代表', '农奴', '波兰', '君主', '忠诚', '越南', '互助', '激进', '庸俗', '掀起', '党团', '党', '义', '论断', '蒙古', '社', '政权', '害怕', '平等', '共和', '强大', '粹']","{'政权': 3082, '苏维埃': 823, '三民': 853, '自由': 6557, '社会': 119002, '专政': 1324, '民族': 26722, '革命': 35188, '主张': 3631, '民众': 806, '阶级': 37998}","{'政权': 0.037, '苏维埃': 0.294, '三民': -0.139, '自由': -0.052, '社会': 0.203, '专政': -0.009, '民族': -0.024, '革命': -0.156, '主张': 0.693, '民众': 0.185, '阶级': -0.043}"
1985.sg,"['自发', '瑞士', '主', '高潮', '自决', '改良', '命', '粹', '强大', '共和', '平等', '害怕', '政权', '社', '蒙古', '论断', '义', '党', '党团', '庸俗', '掀起', '激进', '互助', '越南', '忠诚', '君主', '波兰', '农奴', '代表', '南非', '解放', '选举', '比利时', '走向', '西欧', '富强', '爱国', '工农', '胜利', '马赫', '革命家', '德国', '自由', '空想', '立陶宛', '专制', '匈牙利', '削弱', '西方', '民主党', '有名', '欧洲', '叫做', '奥地利', '德意志', '冒险', '争取', '氛围', '思潮', '法国', '阿尔巴尼亚', '斗争', '共产', '所谓', '伟大', '而是', '工党', '俄国', '口号', '民', '专政', '机会', '政党', '国民党', '革命', '俄', '统治', '阶级', '贵族', '制度', '和谐', '霸权', '高涨', '残酷', '残余', '葡萄牙', '苏维埃', '犹太', '奴隶', '偏见', '左派', '运动', '拥护', '派', '日本', '背叛', '摧毁', '封建', '捍卫', '意大利']","['老挝', '社会', '主义', '政治', '南斯拉夫', '孟什维克', '议会', '意大利', '捍卫', '封建', '摧毁', '背叛', '日本', '派', '拥护', '运动', '左派', '偏见', '奴隶', '犹太', '苏维埃', '葡萄牙', '残余', '残酷', '高涨', '霸权', '和谐', '制度', '贵族', '阶级', '俄', '统治', '革命', '国民党', '政党', '机会', '民', '专政', '口号', '俄国', '工党', '而是', '伟大', '所谓', '共产', '阿尔巴尼亚', '斗争', '法国', '思潮', '氛围', '争取', '冒险', '德意志', '奥地利', '叫做', '有名', '欧洲', '民主党', '西方', '削弱', '匈牙利', '立陶宛', '专制', '空想', '自由', '德国', '革命家', '马赫', '胜利', '工农', '爱国', '富强', '西欧', '走向', '比利时', '选举', '解放', '南非', '代表', '农奴', '波兰', '君主', '忠诚', '越南', '互助', '激进', '庸俗', '掀起', '党团', '党', '义', '论断', '蒙古', '社', '政权', '害怕', '平等', '共和', '强大', '粹']","{'苏维埃': 808, '革命': 31388, '三民': 925, '法制': 1311, '社会': 118253, '实行': 12312, '党派': 888, '爱国': 1680, '自由': 6572}","{'苏维埃': -0.182, '革命': 0.098, '三民': -0.101, '法制': 0.017, '社会': -0.029, '实行': 0.137, '党派': 0.019, '爱国': 0.049, '自由': 0.021}"
1986.sg,"['自发', '瑞士', '主', '高潮', '自决', '改良', '命', '粹', '强大', '共和', '平等', '害怕', '政权', '社', '蒙古', '论断', '义', '党', '党团', '庸俗', '掀起', '激进', '互助', '越南', '忠诚', '君主', '波兰', '农奴', '代表', '南非', '解放', '选举', '比利时', '走向', '西欧', '富强', '爱国', '工农', '胜利', '马赫', '革命家', '德国', '自由', '空想', '立陶宛', '专制', '匈牙利', '削弱', '西方', '民主党', '有名', '欧洲', '叫做', '奥地利', '德意志', '冒险', '争取', '氛围', '思潮', '法国', '阿尔巴尼亚', '斗争', '共产', '所谓', '伟大', '而是', '工党', '俄国', '口号', '民', '专政', '机会', '政党', '国民党', '革命', '俄', '统治', '阶级', '贵族', '制度', '和谐', '霸权', '高涨', '残酷', '残余', '葡萄牙', '苏维埃', '犹太', '奴隶', '偏见', '左派', '运动', '拥护', '派', '日本', '背叛', '摧毁', '封建', '捍卫', '意大利']","['老挝', '社会', '主义', '政治', '南斯拉夫', '孟什维克', '议会', '意大利', '捍卫', '封建', '摧毁', '背叛', '日本', '派', '拥护', '运动', '左派', '偏见', '奴隶', '犹太', '苏维埃', '葡萄牙', '残余', '残酷', '高涨', '霸权', '和谐', '制度', '贵族', '阶级', '俄', '统治', '革命', '国民党', '政党', '机会', '民', '专政', '口号', '俄国', '工党', '而是', '伟大', '所谓', '共产', '阿尔巴尼亚', '斗争', '法国', '思潮', '氛围', '争取', '冒险', '德意志', '奥地利', '叫做', '有名', '欧洲', '民主党', '西方', '削弱', '匈牙利', '立陶宛', '专制', '空想', '自由', '德国', '革命家', '马赫', '胜利', '工农', '爱国', '富强', '西欧', '走向', '比利时', '选举', '解放', '南非', '代表', '农奴', '波兰', '君主', '忠诚', '越南', '互助', '激进', '庸俗', '掀起', '党团', '党', '义', '论断', '蒙古', '社', '政权', '害怕', '平等', '共和', '强大', '粹']","{'革命': 29419, '党派': 823, '苏维埃': 800, '社会': 121136, '法制': 1543, '爱国': 1586, '三民': 1038, '拥护': 729, '专政': 991}","{'革命': 0.075, '党派': -0.005, '苏维埃': 0.081, '社会': 0.045, '法制': 0.006, '爱国': 0.2, '三民': -0.106, '拥护': -0.178, '专政': 0.091}"
1987.sg,"['自发', '瑞士', '主', '高潮', '自决', '改良', '命', '粹', '强大', '共和', '平等', '害怕', '政权', '社', '蒙古', '论断', '义', '党', '党团', '庸俗', '掀起', '激进', '互助', '越南', '忠诚', '君主', '波兰', '农奴', '代表', '南非', '解放', '选举', '比利时', '走向', '西欧', '富强', '爱国', '工农', '胜利', '马赫', '革命家', '德国', '自由', '空想', '立陶宛', '专制', '匈牙利', '削弱', '西方', '民主党', '有名', '欧洲', '叫做', '奥地利', '德意志', '冒险', '争取', '氛围', '思潮', '法国', '阿尔巴尼亚', '斗争', '共产', '所谓', '伟大', '而是', '工党', '俄国', '口号', '民', '专政', '机会', '政党', '国民党', '革命', '俄', '统治', '阶级', '贵族', '制度', '和谐', '霸权', '高涨', '残酷', '残余', '葡萄牙', '苏维埃', '犹太', '奴隶', '偏见', '左派', '运动', '拥护', '派', '日本', '背叛', '摧毁', '封建', '捍卫', '意大利']","['老挝', '社会', '主义', '政治', '南斯拉夫', '孟什维克', '议会', '意大利', '捍卫', '封建', '摧毁', '背叛', '日本', '派', '拥护', '运动', '左派', '偏见', '奴隶', '犹太', '苏维埃', '葡萄牙', '残余', '残酷', '高涨', '霸权', '和谐', '制度', '贵族', '阶级', '俄', '统治', '革命', '国民党', '政党', '机会', '民', '专政', '口号', '俄国', '工党', '而是', '伟大', '所谓', '共产', '阿尔巴尼亚', '斗争', '法国', '思潮', '氛围', '争取', '冒险', '德意志', '奥地利', '叫做', '有名', '欧洲', '民主党', '西方', '削弱', '匈牙利', '立陶宛', '专制', '空想', '自由', '德国', '革命家', '马赫', '胜利', '工农', '爱国', '富强', '西欧', '走向', '比利时', '选举', '解放', '南非', '代表', '农奴', '波兰', '君主', '忠诚', '越南', '互助', '激进', '庸俗', '掀起', '党团', '党', '义', '论断', '蒙古', '社', '政权', '害怕', '平等', '共和', '强大', '粹']","{'爱国': 1493, '法制': 1767, '社会': 128218, '拥护': 898, '专政': 959, '苏维埃': 1146, '三民': 791, '党派': 1103, '保障': 3366, '党': 25161, '封建': 4729, '反对': 5621, '革命': 28414, '民': 5728}","{'爱国': -0.107, '法制': 0.137, '社会': 0.077, '拥护': 0.021, '专政': -0.039, '苏维埃': 0.274, '三民': -0.358, '党派': 0.209, '保障': 0.104, '党': -0.143, '封建': 0.094, '反对': 0.26, '革命': -0.052, '民': -0.108}"
1988.sg,"['自发', '瑞士', '主', '高潮', '自决', '改良', '命', '粹', '强大', '共和', '平等', '害怕', '政权', '社', '蒙古', '论断', '义', '党', '党团', '庸俗', '掀起', '激进', '互助', '越南', '忠诚', '君主', '波兰', '农奴', '代表', '南非', '解放', '选举', '比利时', '走向', '西欧', '富强', '爱国', '工农', '胜利', '马赫', '革命家', '德国', '自由', '空想', '立陶宛', '专制', '匈牙利', '削弱', '西方', '民主党', '有名', '欧洲', '叫做', '奥地利', '德意志', '冒险', '争取', '氛围', '思潮', '法国', '阿尔巴尼亚', '斗争', '共产', '所谓', '伟大', '而是', '工党', '俄国', '口号', '民', '专政', '机会', '政党', '国民党', '革命', '俄', '统治', '阶级', '贵族', '制度', '和谐', '霸权', '高涨', '残酷', '残余', '葡萄牙', '苏维埃', '犹太', '奴隶', '偏见', '左派', '运动', '拥护', '派', '日本', '背叛', '摧毁', '封建', '捍卫', '意大利']","['老挝', '社会', '主义', '政治', '南斯拉夫', '孟什维克', '议会', '意大利', '捍卫', '封建', '摧毁', '背叛', '日本', '派', '拥护', '运动', '左派', '偏见', '奴隶', '犹太', '苏维埃', '葡萄牙', '残余', '残酷', '高涨', '霸权', '和谐', '制度', '贵族', '阶级', '俄', '统治', '革命', '国民党', '政党', '机会', '民', '专政', '口号', '俄国', '工党', '而是', '伟大', '所谓', '共产', '阿尔巴尼亚', '斗争', '法国', '思潮', '氛围', '争取', '冒险', '德意志', '奥地利', '叫做', '有名', '欧洲', '民主党', '西方', '削弱', '匈牙利', '立陶宛', '专制', '空想', '自由', '德国', '革命家', '马赫', '胜利', '工农', '爱国', '富强', '西欧', '走向', '比利时', '选举', '解放', '南非', '代表', '农奴', '波兰', '君主', '忠诚', '越南', '互助', '激进', '庸俗', '掀起', '党团', '党', '义', '论断', '蒙古', '社', '政权', '害怕', '平等', '共和', '强大', '粹']","{'法制': 1913, '社会': 130575, '专政': 1041, '革命': 25549, '拥护': 748, '民族': 24921, '政权': 3141, '巩固': 2742, '自治': 1708, '党': 22902, '政治': 35774, '民': 5697, '主': 9519, '政党': 1041, '封建': 4545, '群众': 16766}","{'法制': -0.834, '社会': -0.043, '专政': 0.775, '革命': -0.773, '拥护': 0.002, '民族': -0.009, '政权': -0.841, '巩固': -0.786, '自治': -0.803, '党': 0.193, '政治': -0.862, '民': 0.55, '主': 0.056, '政党': 0.001, '封建': 0.093, '群众': -0.072}"
1989.sg,"['自发', '瑞士', '主', '高潮', '自决', '改良', '命', '粹', '强大', '共和', '平等', '害怕', '政权', '社', '蒙古', '论断', '义', '党', '党团', '庸俗', '掀起', '激进', '互助', '越南', '忠诚', '君主', '波兰', '农奴', '代表', '南非', '解放', '选举', '比利时', '走向', '西欧', '富强', '爱国', '工农', '胜利', '马赫', '革命家', '德国', '自由', '空想', '立陶宛', '专制', '匈牙利', '削弱', '西方', '民主党', '有名', '欧洲', '叫做', '奥地利', '德意志', '冒险', '争取', '氛围', '思潮', '法国', '阿尔巴尼亚', '斗争', '共产', '所谓', '伟大', '而是', '工党', '俄国', '口号', '民', '专政', '机会', '政党', '国民党', '革命', '俄', '统治', '阶级', '贵族', '制度', '和谐', '霸权', '高涨', '残酷', '残余', '葡萄牙', '苏维埃', '犹太', '奴隶', '偏见', '左派', '运动', '拥护', '派', '日本', '背叛', '摧毁', '封建', '捍卫', '意大利']","['老挝', '社会', '主义', '政治', '南斯拉夫', '孟什维克', '议会', '意大利', '捍卫', '封建', '摧毁', '背叛', '日本', '派', '拥护', '运动', '左派', '偏见', '奴隶', '犹太', '苏维埃', '葡萄牙', '残余', '残酷', '高涨', '霸权', '和谐', '制度', '贵族', '阶级', '俄', '统治', '革命', '国民党', '政党', '机会', '民', '专政', '口号', '俄国', '工党', '而是', '伟大', '所谓', '共产', '阿尔巴尼亚', '斗争', '法国', '思潮', '氛围', '争取', '冒险', '德意志', '奥地利', '叫做', '有名', '欧洲', '民主党', '西方', '削弱', '匈牙利', '立陶宛', '专制', '空想', '自由', '德国', '革命家', '马赫', '胜利', '工农', '爱国', '富强', '西欧', '走向', '比利时', '选举', '解放', '南非', '代表', '农奴', '波兰', '君主', '忠诚', '越南', '互助', '激进', '庸俗', '掀起', '党团', '党', '义', '论断', '蒙古', '社', '政权', '害怕', '平等', '共和', '强大', '粹']","{'革命': 24862, '法制': 1887, '社会': 123296, '三民': 1106, '爱国': 1485, '政权': 3016, '统一': 9162}","{'革命': 0.02, '法制': 0.076, '社会': 0.067, '三民': -0.481, '爱国': -0.002, '政权': 0.029, '统一': -0.056}"
1990.sg,"['自发', '瑞士', '主', '高潮', '自决', '改良', '命', '粹', '强大', '共和', '平等', '害怕', '政权', '社', '蒙古', '论断', '义', '党', '党团', '庸俗', '掀起', '激进', '互助', '越南', '忠诚', '君主', '波兰', '农奴', '代表', '南非', '解放', '选举', '比利时', '走向', '西欧', '富强', '爱国', '工农', '胜利', '马赫', '革命家', '德国', '自由', '空想', '立陶宛', '专制', '匈牙利', '削弱', '西方', '民主党', '有名', '欧洲', '叫做', '奥地利', '德意志', '冒险', '争取', '氛围', '思潮', '法国', '阿尔巴尼亚', '斗争', '共产', '所谓', '伟大', '而是', '工党', '俄国', '口号', '民', '专政', '机会', '政党', '国民党', '革命', '俄', '统治', '阶级', '贵族', '制度', '和谐', '霸权', '高涨', '残酷', '残余', '葡萄牙', '苏维埃', '犹太', '奴隶', '偏见', '左派', '运动', '拥护', '派', '日本', '背叛', '摧毁', '封建', '捍卫', '意大利']","['老挝', '社会', '主义', '政治', '南斯拉夫', '孟什维克', '议会', '意大利', '捍卫', '封建', '摧毁', '背叛', '日本', '派', '拥护', '运动', '左派', '偏见', '奴隶', '犹太', '苏维埃', '葡萄牙', '残余', '残酷', '高涨', '霸权', '和谐', '制度', '贵族', '阶级', '俄', '统治', '革命', '国民党', '政党', '机会', '民', '专政', '口号', '俄国', '工党', '而是', '伟大', '所谓', '共产', '阿尔巴尼亚', '斗争', '法国', '思潮', '氛围', '争取', '冒险', '德意志', '奥地利', '叫做', '有名', '欧洲', '民主党', '西方', '削弱', '匈牙利', '立陶宛', '专制', '空想', '自由', '德国', '革命家', '马赫', '胜利', '工农', '爱国', '富强', '西欧', '走向', '比利时', '选举', '解放', '南非', '代表', '农奴', '波兰', '君主', '忠诚', '越南', '互助', '激进', '庸俗', '掀起', '党团', '党', '义', '论断', '蒙古', '社', '政权', '害怕', '平等', '共和', '强大', '粹']","{'爱国': 1716, '三民': 926, '自由': 8105, '革命': 23743, '政党': 1266, '党': 25753, '社会': 121454, '专政': 927, '苏维埃': 788, '领导': 31238, '主张': 3274}","{'爱国': -0.033, '三民': -0.149, '自由': 0.012, '革命': 0.009, '政党': 0.082, '党': -0.059, '社会': -0.263, '专政': 0.037, '苏维埃': 0.068, '领导': 0.039, '主张': -0.131}"
1991.sg,"['自发', '瑞士', '主', '高潮', '自决', '改良', '命', '粹', '强大', '共和', '平等', '害怕', '政权', '社', '蒙古', '论断', '义', '党', '党团', '庸俗', '掀起', '激进', '互助', '越南', '忠诚', '君主', '波兰', '农奴', '代表', '南非', '解放', '选举', '比利时', '走向', '西欧', '富强', '爱国', '工农', '胜利', '马赫', '革命家', '德国', '自由', '空想', '立陶宛', '专制', '匈牙利', '削弱', '西方', '民主党', '有名', '欧洲', '叫做', '奥地利', '德意志', '冒险', '争取', '氛围', '思潮', '法国', '阿尔巴尼亚', '斗争', '共产', '所谓', '伟大', '而是', '工党', '俄国', '口号', '民', '专政', '机会', '政党', '国民党', '革命', '俄', '统治', '阶级', '贵族', '制度', '和谐', '霸权', '高涨', '残酷', '残余', '葡萄牙', '苏维埃', '犹太', '奴隶', '偏见', '左派', '运动', '拥护', '派', '日本', '背叛', '摧毁', '封建', '捍卫', '意大利']","['老挝', '社会', '主义', '政治', '南斯拉夫', '孟什维克', '议会', '意大利', '捍卫', '封建', '摧毁', '背叛', '日本', '派', '拥护', '运动', '左派', '偏见', '奴隶', '犹太', '苏维埃', '葡萄牙', '残余', '残酷', '高涨', '霸权', '和谐', '制度', '贵族', '阶级', '俄', '统治', '革命', '国民党', '政党', '机会', '民', '专政', '口号', '俄国', '工党', '而是', '伟大', '所谓', '共产', '阿尔巴尼亚', '斗争', '法国', '思潮', '氛围', '争取', '冒险', '德意志', '奥地利', '叫做', '有名', '欧洲', '民主党', '西方', '削弱', '匈牙利', '立陶宛', '专制', '空想', '自由', '德国', '革命家', '马赫', '胜利', '工农', '爱国', '富强', '西欧', '走向', '比利时', '选举', '解放', '南非', '代表', '农奴', '波兰', '君主', '忠诚', '越南', '互助', '激进', '庸俗', '掀起', '党团', '党', '义', '论断', '蒙古', '社', '政权', '害怕', '平等', '共和', '强大', '粹']","{'三民': 1105, '专政': 1569, '法制': 2188, '苏维埃': 1076, '爱国': 1792, '社会': 128511, '革命': 32082, '政党': 1967, '自由': 8104, '民': 6486, '政权': 3845, '制度': 26844}","{'三民': 0.14, '专政': -0.089, '法制': 0.253, '苏维埃': 0.132, '爱国': -0.066, '社会': -0.078, '革命': -0.001, '政党': 0.09, '自由': -0.015, '民': -0.144, '政权': -0.043, '制度': -0.026}"
1992.sg,"['自发', '瑞士', '主', '高潮', '自决', '改良', '命', '粹', '强大', '共和', '平等', '害怕', '政权', '社', '蒙古', '论断', '义', '党', '党团', '庸俗', '掀起', '激进', '互助', '越南', '忠诚', '君主', '波兰', '农奴', '代表', '南非', '解放', '选举', '比利时', '走向', '西欧', '富强', '爱国', '工农', '胜利', '马赫', '革命家', '德国', '自由', '空想', '立陶宛', '专制', '匈牙利', '削弱', '西方', '民主党', '有名', '欧洲', '叫做', '奥地利', '德意志', '冒险', '争取', '氛围', '思潮', '法国', '阿尔巴尼亚', '斗争', '共产', '所谓', '伟大', '而是', '工党', '俄国', '口号', '民', '专政', '机会', '政党', '国民党', '革命', '俄', '统治', '阶级', '贵族', '制度', '和谐', '霸权', '高涨', '残酷', '残余', '葡萄牙', '苏维埃', '犹太', '奴隶', '偏见', '左派', '运动', '拥护', '派', '日本', '背叛', '摧毁', '封建', '捍卫', '意大利']","['老挝', '社会', '主义', '政治', '南斯拉夫', '孟什维克', '议会', '意大利', '捍卫', '封建', '摧毁', '背叛', '日本', '派', '拥护', '运动', '左派', '偏见', '奴隶', '犹太', '苏维埃', '葡萄牙', '残余', '残酷', '高涨', '霸权', '和谐', '制度', '贵族', '阶级', '俄', '统治', '革命', '国民党', '政党', '机会', '民', '专政', '口号', '俄国', '工党', '而是', '伟大', '所谓', '共产', '阿尔巴尼亚', '斗争', '法国', '思潮', '氛围', '争取', '冒险', '德意志', '奥地利', '叫做', '有名', '欧洲', '民主党', '西方', '削弱', '匈牙利', '立陶宛', '专制', '空想', '自由', '德国', '革命家', '马赫', '胜利', '工农', '爱国', '富强', '西欧', '走向', '比利时', '选举', '解放', '南非', '代表', '农奴', '波兰', '君主', '忠诚', '越南', '互助', '激进', '庸俗', '掀起', '党团', '党', '义', '论断', '蒙古', '社', '政权', '害怕', '平等', '共和', '强大', '粹']","{'苏维埃': 610, '爱国': 1447, '三民': 837, '专政': 1020, '拥护': 725, '政权': 2883, '社会': 121641, '政党': 1097, '革命': 22946}","{'苏维埃': -0.817, '爱国': -0.185, '三民': -0.83, '专政': 0.075, '拥护': -0.04, '政权': 0.901, '社会': -0.192, '政党': -0.572, '革命': 0.883}"
1993.sg,"['自发', '瑞士', '主', '高潮', '自决', '改良', '命', '粹', '强大', '共和', '平等', '害怕', '政权', '社', '蒙古', '论断', '义', '党', '党团', '庸俗', '掀起', '激进', '互助', '越南', '忠诚', '君主', '波兰', '农奴', '代表', '南非', '解放', '选举', '比利时', '走向', '西欧', '富强', '爱国', '工农', '胜利', '马赫', '革命家', '德国', '自由', '空想', '立陶宛', '专制', '匈牙利', '削弱', '西方', '民主党', '有名', '欧洲', '叫做', '奥地利', '德意志', '冒险', '争取', '氛围', '思潮', '法国', '阿尔巴尼亚', '斗争', '共产', '所谓', '伟大', '而是', '工党', '俄国', '口号', '民', '专政', '机会', '政党', '国民党', '革命', '俄', '统治', '阶级', '贵族', '制度', '和谐', '霸权', '高涨', '残酷', '残余', '葡萄牙', '苏维埃', '犹太', '奴隶', '偏见', '左派', '运动', '拥护', '派', '日本', '背叛', '摧毁', '封建', '捍卫', '意大利']","['老挝', '社会', '主义', '政治', '南斯拉夫', '孟什维克', '议会', '意大利', '捍卫', '封建', '摧毁', '背叛', '日本', '派', '拥护', '运动', '左派', '偏见', '奴隶', '犹太', '苏维埃', '葡萄牙', '残余', '残酷', '高涨', '霸权', '和谐', '制度', '贵族', '阶级', '俄', '统治', '革命', '国民党', '政党', '机会', '民', '专政', '口号', '俄国', '工党', '而是', '伟大', '所谓', '共产', '阿尔巴尼亚', '斗争', '法国', '思潮', '氛围', '争取', '冒险', '德意志', '奥地利', '叫做', '有名', '欧洲', '民主党', '西方', '削弱', '匈牙利', '立陶宛', '专制', '空想', '自由', '德国', '革命家', '马赫', '胜利', '工农', '爱国', '富强', '西欧', '走向', '比利时', '选举', '解放', '南非', '代表', '农奴', '波兰', '君主', '忠诚', '越南', '互助', '激进', '庸俗', '掀起', '党团', '党', '义', '论断', '蒙古', '社', '政权', '害怕', '平等', '共和', '强大', '粹']","{'爱国': 1415, '法制': 2192, '社会': 114903, '专政': 1014, '革命': 23389, '拥护': 728, '苏维埃': 614, '政权': 2849, '三民': 743, '党派': 1527}","{'爱国': -0.096, '法制': 0.055, '社会': -0.108, '专政': -0.137, '革命': -0.181, '拥护': -0.021, '苏维埃': 0.02, '政权': -0.17, '三民': 0.112, '党派': -0.068}"
1994.sg,"['自发', '瑞士', '主', '高潮', '自决', '改良', '命', '粹', '强大', '共和', '平等', '害怕', '政权', '社', '蒙古', '论断', '义', '党', '党团', '庸俗', '掀起', '激进', '互助', '越南', '忠诚', '君主', '波兰', '农奴', '代表', '南非', '解放', '选举', '比利时', '走向', '西欧', '富强', '爱国', '工农', '胜利', '马赫', '革命家', '德国', '自由', '空想', '立陶宛', '专制', '匈牙利', '削弱', '西方', '民主党', '有名', '欧洲', '叫做', '奥地利', '德意志', '冒险', '争取', '氛围', '思潮', '法国', '阿尔巴尼亚', '斗争', '共产', '所谓', '伟大', '而是', '工党', '俄国', '口号', '民', '专政', '机会', '政党', '国民党', '革命', '俄', '统治', '阶级', '贵族', '制度', '和谐', '霸权', '高涨', '残酷', '残余', '葡萄牙', '苏维埃', '犹太', '奴隶', '偏见', '左派', '运动', '拥护', '派', '日本', '背叛', '摧毁', '封建', '捍卫', '意大利']","['老挝', '社会', '主义', '政治', '南斯拉夫', '孟什维克', '议会', '意大利', '捍卫', '封建', '摧毁', '背叛', '日本', '派', '拥护', '运动', '左派', '偏见', '奴隶', '犹太', '苏维埃', '葡萄牙', '残余', '残酷', '高涨', '霸权', '和谐', '制度', '贵族', '阶级', '俄', '统治', '革命', '国民党', '政党', '机会', '民', '专政', '口号', '俄国', '工党', '而是', '伟大', '所谓', '共产', '阿尔巴尼亚', '斗争', '法国', '思潮', '氛围', '争取', '冒险', '德意志', '奥地利', '叫做', '有名', '欧洲', '民主党', '西方', '削弱', '匈牙利', '立陶宛', '专制', '空想', '自由', '德国', '革命家', '马赫', '胜利', '工农', '爱国', '富强', '西欧', '走向', '比利时', '选举', '解放', '南非', '代表', '农奴', '波兰', '君主', '忠诚', '越南', '互助', '激进', '庸俗', '掀起', '党团', '党', '义', '论断', '蒙古', '社', '政权', '害怕', '平等', '共和', '强大', '粹']","{'苏维埃': 573, '社会': 114626, '爱国': 1503, '政权': 2698, '党派': 1172, '专政': 889, '民': 5901, '革命': 19573, '三民': 919, '抗日': 2000, '军队': 2923, '法制': 2199}","{'苏维埃': 0.194, '社会': 0.372, '爱国': -0.004, '政权': 0.041, '党派': 0.041, '专政': 0.016, '民': 0.052, '革命': -0.075, '三民': -0.034, '抗日': -0.343, '军队': -0.002, '法制': -0.112}"
1995.sg,"['自发', '瑞士', '主', '高潮', '自决', '改良', '命', '粹', '强大', '共和', '平等', '害怕', '政权', '社', '蒙古', '论断', '义', '党', '党团', '庸俗', '掀起', '激进', '互助', '越南', '忠诚', '君主', '波兰', '农奴', '代表', '南非', '解放', '选举', '比利时', '走向', '西欧', '富强', '爱国', '工农', '胜利', '马赫', '革命家', '德国', '自由', '空想', '立陶宛', '专制', '匈牙利', '削弱', '西方', '民主党', '有名', '欧洲', '叫做', '奥地利', '德意志', '冒险', '争取', '氛围', '思潮', '法国', '阿尔巴尼亚', '斗争', '共产', '所谓', '伟大', '而是', '工党', '俄国', '口号', '民', '专政', '机会', '政党', '国民党', '革命', '俄', '统治', '阶级', '贵族', '制度', '和谐', '霸权', '高涨', '残酷', '残余', '葡萄牙', '苏维埃', '犹太', '奴隶', '偏见', '左派', '运动', '拥护', '派', '日本', '背叛', '摧毁', '封建', '捍卫', '意大利']","['老挝', '社会', '主义', '政治', '南斯拉夫', '孟什维克', '议会', '意大利', '捍卫', '封建', '摧毁', '背叛', '日本', '派', '拥护', '运动', '左派', '偏见', '奴隶', '犹太', '苏维埃', '葡萄牙', '残余', '残酷', '高涨', '霸权', '和谐', '制度', '贵族', '阶级', '俄', '统治', '革命', '国民党', '政党', '机会', '民', '专政', '口号', '俄国', '工党', '而是', '伟大', '所谓', '共产', '阿尔巴尼亚', '斗争', '法国', '思潮', '氛围', '争取', '冒险', '德意志', '奥地利', '叫做', '有名', '欧洲', '民主党', '西方', '削弱', '匈牙利', '立陶宛', '专制', '空想', '自由', '德国', '革命家', '马赫', '胜利', '工农', '爱国', '富强', '西欧', '走向', '比利时', '选举', '解放', '南非', '代表', '农奴', '波兰', '君主', '忠诚', '越南', '互助', '激进', '庸俗', '掀起', '党团', '党', '义', '论断', '蒙古', '社', '政权', '害怕', '平等', '共和', '强大', '粹']","{'专政': 1048, '政权': 2402, '法制': 2164, '社会': 110103, '群众': 15697, '反对': 4485, '三民': 695}","{'专政': -0.013, '政权': 0.035, '法制': 0.211, '社会': 0.287, '群众': -0.288, '反对': 0.038, '三民': 0.282}"
1996.sg,"['自发', '瑞士', '主', '高潮', '自决', '改良', '命', '粹', '强大', '共和', '平等', '害怕', '政权', '社', '蒙古', '论断', '义', '党', '党团', '庸俗', '掀起', '激进', '互助', '越南', '忠诚', '君主', '波兰', '农奴', '代表', '南非', '解放', '选举', '比利时', '走向', '西欧', '富强', '爱国', '工农', '胜利', '马赫', '革命家', '德国', '自由', '空想', '立陶宛', '专制', '匈牙利', '削弱', '西方', '民主党', '有名', '欧洲', '叫做', '奥地利', '德意志', '冒险', '争取', '氛围', '思潮', '法国', '阿尔巴尼亚', '斗争', '共产', '所谓', '伟大', '而是', '工党', '俄国', '口号', '民', '专政', '机会', '政党', '国民党', '革命', '俄', '统治', '阶级', '贵族', '制度', '和谐', '霸权', '高涨', '残酷', '残余', '葡萄牙', '苏维埃', '犹太', '奴隶', '偏见', '左派', '运动', '拥护', '派', '日本', '背叛', '摧毁', '封建', '捍卫', '意大利']","['老挝', '社会', '主义', '政治', '南斯拉夫', '孟什维克', '议会', '意大利', '捍卫', '封建', '摧毁', '背叛', '日本', '派', '拥护', '运动', '左派', '偏见', '奴隶', '犹太', '苏维埃', '葡萄牙', '残余', '残酷', '高涨', '霸权', '和谐', '制度', '贵族', '阶级', '俄', '统治', '革命', '国民党', '政党', '机会', '民', '专政', '口号', '俄国', '工党', '而是', '伟大', '所谓', '共产', '阿尔巴尼亚', '斗争', '法国', '思潮', '氛围', '争取', '冒险', '德意志', '奥地利', '叫做', '有名', '欧洲', '民主党', '西方', '削弱', '匈牙利', '立陶宛', '专制', '空想', '自由', '德国', '革命家', '马赫', '胜利', '工农', '爱国', '富强', '西欧', '走向', '比利时', '选举', '解放', '南非', '代表', '农奴', '波兰', '君主', '忠诚', '越南', '互助', '激进', '庸俗', '掀起', '党团', '党', '义', '论断', '蒙古', '社', '政权', '害怕', '平等', '共和', '强大', '粹']","{'社会': 108691, '革命': 18268, '三民': 781, '党派': 1117, '爱国': 1531, '拥护': 644, '军队': 2743, '反对': 3907, '主张': 2811, '党': 21683, '法制': 2126, '自由': 6597, '民': 5615, '民族': 22770}","{'社会': -0.046, '革命': -0.807, '三民': 0.027, '党派': 0.907, '爱国': 0.099, '拥护': -0.799, '军队': -0.845, '反对': -0.884, '主张': -0.01, '党': -0.84, '法制': -0.031, '自由': -0.851, '民': 0.862, '民族': -0.857}"
1997.sg,"['自发', '瑞士', '主', '高潮', '自决', '改良', '命', '粹', '强大', '共和', '平等', '害怕', '政权', '社', '蒙古', '论断', '义', '党', '党团', '庸俗', '掀起', '激进', '互助', '越南', '忠诚', '君主', '波兰', '农奴', '代表', '南非', '解放', '选举', '比利时', '走向', '西欧', '富强', '爱国', '工农', '胜利', '马赫', '革命家', '德国', '自由', '空想', '立陶宛', '专制', '匈牙利', '削弱', '西方', '民主党', '有名', '欧洲', '叫做', '奥地利', '德意志', '冒险', '争取', '氛围', '思潮', '法国', '阿尔巴尼亚', '斗争', '共产', '所谓', '伟大', '而是', '工党', '俄国', '口号', '民', '专政', '机会', '政党', '国民党', '革命', '俄', '统治', '阶级', '贵族', '制度', '和谐', '霸权', '高涨', '残酷', '残余', '葡萄牙', '苏维埃', '犹太', '奴隶', '偏见', '左派', '运动', '拥护', '派', '日本', '背叛', '摧毁', '封建', '捍卫', '意大利']","['老挝', '社会', '主义', '政治', '南斯拉夫', '孟什维克', '议会', '意大利', '捍卫', '封建', '摧毁', '背叛', '日本', '派', '拥护', '运动', '左派', '偏见', '奴隶', '犹太', '苏维埃', '葡萄牙', '残余', '残酷', '高涨', '霸权', '和谐', '制度', '贵族', '阶级', '俄', '统治', '革命', '国民党', '政党', '机会', '民', '专政', '口号', '俄国', '工党', '而是', '伟大', '所谓', '共产', '阿尔巴尼亚', '斗争', '法国', '思潮', '氛围', '争取', '冒险', '德意志', '奥地利', '叫做', '有名', '欧洲', '民主党', '西方', '削弱', '匈牙利', '立陶宛', '专制', '空想', '自由', '德国', '革命家', '马赫', '胜利', '工农', '爱国', '富强', '西欧', '走向', '比利时', '选举', '解放', '南非', '代表', '农奴', '波兰', '君主', '忠诚', '越南', '互助', '激进', '庸俗', '掀起', '党团', '党', '义', '论断', '蒙古', '社', '政权', '害怕', '平等', '共和', '强大', '粹']","{'政党': 794, '社会': 109417, '政权': 2380, '三民': 691, '党': 23677, '党派': 1098, '爱国': 1454, '专政': 666, '主义': 74183}","{'政党': 0.015, '社会': -0.08, '政权': -0.067, '三民': 0.118, '党': 0.028, '党派': -0.064, '爱国': 0.11, '专政': 0.2, '主义': 0.005}"
1998.sg,"['自发', '瑞士', '主', '高潮', '自决', '改良', '命', '粹', '强大', '共和', '平等', '害怕', '政权', '社', '蒙古', '论断', '义', '党', '党团', '庸俗', '掀起', '激进', '互助', '越南', '忠诚', '君主', '波兰', '农奴', '代表', '南非', '解放', '选举', '比利时', '走向', '西欧', '富强', '爱国', '工农', '胜利', '马赫', '革命家', '德国', '自由', '空想', '立陶宛', '专制', '匈牙利', '削弱', '西方', '民主党', '有名', '欧洲', '叫做', '奥地利', '德意志', '冒险', '争取', '氛围', '思潮', '法国', '阿尔巴尼亚', '斗争', '共产', '所谓', '伟大', '而是', '工党', '俄国', '口号', '民', '专政', '机会', '政党', '国民党', '革命', '俄', '统治', '阶级', '贵族', '制度', '和谐', '霸权', '高涨', '残酷', '残余', '葡萄牙', '苏维埃', '犹太', '奴隶', '偏见', '左派', '运动', '拥护', '派', '日本', '背叛', '摧毁', '封建', '捍卫', '意大利']","['老挝', '社会', '主义', '政治', '南斯拉夫', '孟什维克', '议会', '意大利', '捍卫', '封建', '摧毁', '背叛', '日本', '派', '拥护', '运动', '左派', '偏见', '奴隶', '犹太', '苏维埃', '葡萄牙', '残余', '残酷', '高涨', '霸权', '和谐', '制度', '贵族', '阶级', '俄', '统治', '革命', '国民党', '政党', '机会', '民', '专政', '口号', '俄国', '工党', '而是', '伟大', '所谓', '共产', '阿尔巴尼亚', '斗争', '法国', '思潮', '氛围', '争取', '冒险', '德意志', '奥地利', '叫做', '有名', '欧洲', '民主党', '西方', '削弱', '匈牙利', '立陶宛', '专制', '空想', '自由', '德国', '革命家', '马赫', '胜利', '工农', '爱国', '富强', '西欧', '走向', '比利时', '选举', '解放', '南非', '代表', '农奴', '波兰', '君主', '忠诚', '越南', '互助', '激进', '庸俗', '掀起', '党团', '党', '义', '论断', '蒙古', '社', '政权', '害怕', '平等', '共和', '强大', '粹']","{'法制': 2439, '社会': 108014, '党派': 1247, '民': 5508, '专政': 710, '政权': 2255, '发扬': 607, '保障': 7855, '拥护': 670, '政党': 798, '政治': 32840}","{'法制': 0.01, '社会': 0.031, '党派': 0.035, '民': 0.377, '专政': 0.06, '政权': 0.018, '发扬': -0.024, '保障': -0.051, '拥护': -0.017, '政党': 0.045, '政治': 0.025}"
1999.sg,"['自发', '瑞士', '主', '高潮', '自决', '改良', '命', '粹', '强大', '共和', '平等', '害怕', '政权', '社', '蒙古', '论断', '义', '党', '党团', '庸俗', '掀起', '激进', '互助', '越南', '忠诚', '君主', '波兰', '农奴', '代表', '南非', '解放', '选举', '比利时', '走向', '西欧', '富强', '爱国', '工农', '胜利', '马赫', '革命家', '德国', '自由', '空想', '立陶宛', '专制', '匈牙利', '削弱', '西方', '民主党', '有名', '欧洲', '叫做', '奥地利', '德意志', '冒险', '争取', '氛围', '思潮', '法国', '阿尔巴尼亚', '斗争', '共产', '所谓', '伟大', '而是', '工党', '俄国', '口号', '民', '专政', '机会', '政党', '国民党', '革命', '俄', '统治', '阶级', '贵族', '制度', '和谐', '霸权', '高涨', '残酷', '残余', '葡萄牙', '苏维埃', '犹太', '奴隶', '偏见', '左派', '运动', '拥护', '派', '日本', '背叛', '摧毁', '封建', '捍卫', '意大利']","['老挝', '社会', '主义', '政治', '南斯拉夫', '孟什维克', '议会', '意大利', '捍卫', '封建', '摧毁', '背叛', '日本', '派', '拥护', '运动', '左派', '偏见', '奴隶', '犹太', '苏维埃', '葡萄牙', '残余', '残酷', '高涨', '霸权', '和谐', '制度', '贵族', '阶级', '俄', '统治', '革命', '国民党', '政党', '机会', '民', '专政', '口号', '俄国', '工党', '而是', '伟大', '所谓', '共产', '阿尔巴尼亚', '斗争', '法国', '思潮', '氛围', '争取', '冒险', '德意志', '奥地利', '叫做', '有名', '欧洲', '民主党', '西方', '削弱', '匈牙利', '立陶宛', '专制', '空想', '自由', '德国', '革命家', '马赫', '胜利', '工农', '爱国', '富强', '西欧', '走向', '比利时', '选举', '解放', '南非', '代表', '农奴', '波兰', '君主', '忠诚', '越南', '互助', '激进', '庸俗', '掀起', '党团', '党', '义', '论断', '蒙古', '社', '政权', '害怕', '平等', '共和', '强大', '粹']","{'法制': 2345, '爱国': 1235, '政党': 710, '革命': 17690, '党派': 1153, '制度': 28794, '民': 5906, '社会': 102759, '民族': 22847, '主义': 68378}","{'法制': 0.124, '爱国': -0.022, '政党': 0.013, '革命': 0.021, '党派': -0.014, '制度': 0.038, '民': -0.21, '社会': -0.012, '民族': -0.095, '主义': 0.06}"
2000.sg,"['自发', '瑞士', '主', '高潮', '自决', '改良', '命', '粹', '强大', '共和', '平等', '害怕', '政权', '社', '蒙古', '论断', '义', '党', '党团', '庸俗', '掀起', '激进', '互助', '越南', '忠诚', '君主', '波兰', '农奴', '代表', '南非', '解放', '选举', '比利时', '走向', '西欧', '富强', '爱国', '工农', '胜利', '马赫', '革命家', '德国', '自由', '空想', '立陶宛', '专制', '匈牙利', '削弱', '西方', '民主党', '有名', '欧洲', '叫做', '奥地利', '德意志', '冒险', '争取', '氛围', '思潮', '法国', '阿尔巴尼亚', '斗争', '共产', '所谓', '伟大', '而是', '工党', '俄国', '口号', '民', '专政', '机会', '政党', '国民党', '革命', '俄', '统治', '阶级', '贵族', '制度', '和谐', '霸权', '高涨', '残酷', '残余', '葡萄牙', '苏维埃', '犹太', '奴隶', '偏见', '左派', '运动', '拥护', '派', '日本', '背叛', '摧毁', '封建', '捍卫', '意大利']","['老挝', '社会', '主义', '政治', '南斯拉夫', '孟什维克', '议会', '意大利', '捍卫', '封建', '摧毁', '背叛', '日本', '派', '拥护', '运动', '左派', '偏见', '奴隶', '犹太', '苏维埃', '葡萄牙', '残余', '残酷', '高涨', '霸权', '和谐', '制度', '贵族', '阶级', '俄', '统治', '革命', '国民党', '政党', '机会', '民', '专政', '口号', '俄国', '工党', '而是', '伟大', '所谓', '共产', '阿尔巴尼亚', '斗争', '法国', '思潮', '氛围', '争取', '冒险', '德意志', '奥地利', '叫做', '有名', '欧洲', '民主党', '西方', '削弱', '匈牙利', '立陶宛', '专制', '空想', '自由', '德国', '革命家', '马赫', '胜利', '工农', '爱国', '富强', '西欧', '走向', '比利时', '选举', '解放', '南非', '代表', '农奴', '波兰', '君主', '忠诚', '越南', '互助', '激进', '庸俗', '掀起', '党团', '党', '义', '论断', '蒙古', '社', '政权', '害怕', '平等', '共和', '强大', '粹']","{'法制': 2128, '政权': 2099, '社会': 101813, '爱国': 1249, '革命': 16717, '反对': 3589, '主义': 64177, '专政': 557, '民族': 22640, '三民': 572, '自由': 7371}","{'法制': 0.012, '政权': 0.022, '社会': -0.04, '爱国': -0.01, '革命': -0.004, '反对': 0.356, '主义': -0.038, '专政': 0.113, '民族': -0.108, '三民': -0.055, '自由': 0.077}"
2001.sg,"['自发', '瑞士', '主', '高潮', '自决', '改良', '命', '粹', '强大', '共和', '平等', '害怕', '政权', '社', '蒙古', '论断', '义', '党', '党团', '庸俗', '掀起', '激进', '互助', '越南', '忠诚', '君主', '波兰', '农奴', '代表', '南非', '解放', '选举', '比利时', '走向', '西欧', '富强', '爱国', '工农', '胜利', '马赫', '革命家', '德国', '自由', '空想', '立陶宛', '专制', '匈牙利', '削弱', '西方', '民主党', '有名', '欧洲', '叫做', '奥地利', '德意志', '冒险', '争取', '氛围', '思潮', '法国', '阿尔巴尼亚', '斗争', '共产', '所谓', '伟大', '而是', '工党', '俄国', '口号', '民', '专政', '机会', '政党', '国民党', '革命', '俄', '统治', '阶级', '贵族', '制度', '和谐', '霸权', '高涨', '残酷', '残余', '葡萄牙', '苏维埃', '犹太', '奴隶', '偏见', '左派', '运动', '拥护', '派', '日本', '背叛', '摧毁', '封建', '捍卫', '意大利']","['老挝', '社会', '主义', '政治', '南斯拉夫', '孟什维克', '议会', '意大利', '捍卫', '封建', '摧毁', '背叛', '日本', '派', '拥护', '运动', '左派', '偏见', '奴隶', '犹太', '苏维埃', '葡萄牙', '残余', '残酷', '高涨', '霸权', '和谐', '制度', '贵族', '阶级', '俄', '统治', '革命', '国民党', '政党', '机会', '民', '专政', '口号', '俄国', '工党', '而是', '伟大', '所谓', '共产', '阿尔巴尼亚', '斗争', '法国', '思潮', '氛围', '争取', '冒险', '德意志', '奥地利', '叫做', '有名', '欧洲', '民主党', '西方', '削弱', '匈牙利', '立陶宛', '专制', '空想', '自由', '德国', '革命家', '马赫', '胜利', '工农', '爱国', '富强', '西欧', '走向', '比利时', '选举', '解放', '南非', '代表', '农奴', '波兰', '君主', '忠诚', '越南', '互助', '激进', '庸俗', '掀起', '党团', '党', '义', '论断', '蒙古', '社', '政权', '害怕', '平等', '共和', '强大', '粹']","{'政权': 2440, '专政': 653, '社会': 108146, '三民': 656, '自由': 7834, '爱国': 1233, '法制': 2364, '联盟': 1136}","{'政权': 0.799, '专政': -0.823, '社会': -0.159, '三民': 0.129, '自由': -0.088, '爱国': -0.839, '法制': -0.138, '联盟': 0.077}"
2002.sg,"['自发', '瑞士', '主', '高潮', '自决', '改良', '命', '粹', '强大', '共和', '平等', '害怕', '政权', '社', '蒙古', '论断', '义', '党', '党团', '庸俗', '掀起', '激进', '互助', '越南', '忠诚', '君主', '波兰', '农奴', '代表', '南非', '解放', '选举', '比利时', '走向', '西欧', '富强', '爱国', '工农', '胜利', '马赫', '革命家', '德国', '自由', '空想', '立陶宛', '专制', '匈牙利', '削弱', '西方', '民主党', '有名', '欧洲', '叫做', '奥地利', '德意志', '冒险', '争取', '氛围', '思潮', '法国', '阿尔巴尼亚', '斗争', '共产', '所谓', '伟大', '而是', '工党', '俄国', '口号', '民', '专政', '机会', '政党', '国民党', '革命', '俄', '统治', '阶级', '贵族', '制度', '和谐', '霸权', '高涨', '残酷', '残余', '葡萄牙', '苏维埃', '犹太', '奴隶', '偏见', '左派', '运动', '拥护', '派', '日本', '背叛', '摧毁', '封建', '捍卫', '意大利']","['老挝', '社会', '主义', '政治', '南斯拉夫', '孟什维克', '议会', '意大利', '捍卫', '封建', '摧毁', '背叛', '日本', '派', '拥护', '运动', '左派', '偏见', '奴隶', '犹太', '苏维埃', '葡萄牙', '残余', '残酷', '高涨', '霸权', '和谐', '制度', '贵族', '阶级', '俄', '统治', '革命', '国民党', '政党', '机会', '民', '专政', '口号', '俄国', '工党', '而是', '伟大', '所谓', '共产', '阿尔巴尼亚', '斗争', '法国', '思潮', '氛围', '争取', '冒险', '德意志', '奥地利', '叫做', '有名', '欧洲', '民主党', '西方', '削弱', '匈牙利', '立陶宛', '专制', '空想', '自由', '德国', '革命家', '马赫', '胜利', '工农', '爱国', '富强', '西欧', '走向', '比利时', '选举', '解放', '南非', '代表', '农奴', '波兰', '君主', '忠诚', '越南', '互助', '激进', '庸俗', '掀起', '党团', '党', '义', '论断', '蒙古', '社', '政权', '害怕', '平等', '共和', '强大', '粹']","{'爱国': 1034, '专政': 504, '法治': 522, '政权': 2308, '党派': 941, '三民': 773, '政治': 32134, '阶级': 13163}","{'爱国': 0.141, '专政': 0.792, '法治': 0.154, '政权': -0.789, '党派': -0.835, '三民': 0.791, '政治': 0.237, '阶级': -0.825}"
2003.sg,"['自发', '瑞士', '主', '高潮', '自决', '改良', '命', '粹', '强大', '共和', '平等', '害怕', '政权', '社', '蒙古', '论断', '义', '党', '党团', '庸俗', '掀起', '激进', '互助', '越南', '忠诚', '君主', '波兰', '农奴', '代表', '南非', '解放', '选举', '比利时', '走向', '西欧', '富强', '爱国', '工农', '胜利', '马赫', '革命家', '德国', '自由', '空想', '立陶宛', '专制', '匈牙利', '削弱', '西方', '民主党', '有名', '欧洲', '叫做', '奥地利', '德意志', '冒险', '争取', '氛围', '思潮', '法国', '阿尔巴尼亚', '斗争', '共产', '所谓', '伟大', '而是', '工党', '俄国', '口号', '民', '专政', '机会', '政党', '国民党', '革命', '俄', '统治', '阶级', '贵族', '制度', '和谐', '霸权', '高涨', '残酷', '残余', '葡萄牙', '苏维埃', '犹太', '奴隶', '偏见', '左派', '运动', '拥护', '派', '日本', '背叛', '摧毁', '封建', '捍卫', '意大利']","['老挝', '社会', '主义', '政治', '南斯拉夫', '孟什维克', '议会', '意大利', '捍卫', '封建', '摧毁', '背叛', '日本', '派', '拥护', '运动', '左派', '偏见', '奴隶', '犹太', '苏维埃', '葡萄牙', '残余', '残酷', '高涨', '霸权', '和谐', '制度', '贵族', '阶级', '俄', '统治', '革命', '国民党', '政党', '机会', '民', '专政', '口号', '俄国', '工党', '而是', '伟大', '所谓', '共产', '阿尔巴尼亚', '斗争', '法国', '思潮', '氛围', '争取', '冒险', '德意志', '奥地利', '叫做', '有名', '欧洲', '民主党', '西方', '削弱', '匈牙利', '立陶宛', '专制', '空想', '自由', '德国', '革命家', '马赫', '胜利', '工农', '爱国', '富强', '西欧', '走向', '比利时', '选举', '解放', '南非', '代表', '农奴', '波兰', '君主', '忠诚', '越南', '互助', '激进', '庸俗', '掀起', '党团', '党', '义', '论断', '蒙古', '社', '政权', '害怕', '平等', '共和', '强大', '粹']","{'党派': 954, '法治': 545, '专政': 547, '社会': 106419, '法制': 2173, '革命': 15029, '联盟': 1159, '制度': 30859, '政治': 33433, '规范化': 555, '根据地': 655, '自由': 8253}","{'党派': 0.093, '法治': 0.265, '专政': 0.019, '社会': 0.188, '法制': -0.177, '革命': 0.033, '联盟': 0.372, '制度': -0.067, '政治': -0.039, '规范化': -0.126, '根据地': 0.094, '自由': -0.123}"
2004.sg,"['自发', '瑞士', '主', '高潮', '自决', '改良', '命', '粹', '强大', '共和', '平等', '害怕', '政权', '社', '蒙古', '论断', '义', '党', '党团', '庸俗', '掀起', '激进', '互助', '越南', '忠诚', '君主', '波兰', '农奴', '代表', '南非', '解放', '选举', '比利时', '走向', '西欧', '富强', '爱国', '工农', '胜利', '马赫', '革命家', '德国', '自由', '空想', '立陶宛', '专制', '匈牙利', '削弱', '西方', '民主党', '有名', '欧洲', '叫做', '奥地利', '德意志', '冒险', '争取', '氛围', '思潮', '法国', '阿尔巴尼亚', '斗争', '共产', '所谓', '伟大', '而是', '工党', '俄国', '口号', '民', '专政', '机会', '政党', '国民党', '革命', '俄', '统治', '阶级', '贵族', '制度', '和谐', '霸权', '高涨', '残酷', '残余', '葡萄牙', '苏维埃', '犹太', '奴隶', '偏见', '左派', '运动', '拥护', '派', '日本', '背叛', '摧毁', '封建', '捍卫', '意大利']","['老挝', '社会', '主义', '政治', '南斯拉夫', '孟什维克', '议会', '意大利', '捍卫', '封建', '摧毁', '背叛', '日本', '派', '拥护', '运动', '左派', '偏见', '奴隶', '犹太', '苏维埃', '葡萄牙', '残余', '残酷', '高涨', '霸权', '和谐', '制度', '贵族', '阶级', '俄', '统治', '革命', '国民党', '政党', '机会', '民', '专政', '口号', '俄国', '工党', '而是', '伟大', '所谓', '共产', '阿尔巴尼亚', '斗争', '法国', '思潮', '氛围', '争取', '冒险', '德意志', '奥地利', '叫做', '有名', '欧洲', '民主党', '西方', '削弱', '匈牙利', '立陶宛', '专制', '空想', '自由', '德国', '革命家', '马赫', '胜利', '工农', '爱国', '富强', '西欧', '走向', '比利时', '选举', '解放', '南非', '代表', '农奴', '波兰', '君主', '忠诚', '越南', '互助', '激进', '庸俗', '掀起', '党团', '党', '义', '论断', '蒙古', '社', '政权', '害怕', '平等', '共和', '强大', '粹']","{'三民': 556, '政党': 891, '法治': 612, '革命': 13880, '社会': 105334, '爱国': 928, '拥护': 520, '政治': 30804, '法制': 1968, '自由': 8336}","{'三民': -0.862, '政党': 0.836, '法治': 0.849, '革命': -0.151, '社会': 0.861, '爱国': 0.873, '拥护': -0.114, '政治': 0.31, '法制': 0.85, '自由': 0.088}"
2005.sg,"['自发', '瑞士', '主', '高潮', '自决', '改良', '命', '粹', '强大', '共和', '平等', '害怕', '政权', '社', '蒙古', '论断', '义', '党', '党团', '庸俗', '掀起', '激进', '互助', '越南', '忠诚', '君主', '波兰', '农奴', '代表', '南非', '解放', '选举', '比利时', '走向', '西欧', '富强', '爱国', '工农', '胜利', '马赫', '革命家', '德国', '自由', '空想', '立陶宛', '专制', '匈牙利', '削弱', '西方', '民主党', '有名', '欧洲', '叫做', '奥地利', '德意志', '冒险', '争取', '氛围', '思潮', '法国', '阿尔巴尼亚', '斗争', '共产', '所谓', '伟大', '而是', '工党', '俄国', '口号', '民', '专政', '机会', '政党', '国民党', '革命', '俄', '统治', '阶级', '贵族', '制度', '和谐', '霸权', '高涨', '残酷', '残余', '葡萄牙', '苏维埃', '犹太', '奴隶', '偏见', '左派', '运动', '拥护', '派', '日本', '背叛', '摧毁', '封建', '捍卫', '意大利']","['老挝', '社会', '主义', '政治', '南斯拉夫', '孟什维克', '议会', '意大利', '捍卫', '封建', '摧毁', '背叛', '日本', '派', '拥护', '运动', '左派', '偏见', '奴隶', '犹太', '苏维埃', '葡萄牙', '残余', '残酷', '高涨', '霸权', '和谐', '制度', '贵族', '阶级', '俄', '统治', '革命', '国民党', '政党', '机会', '民', '专政', '口号', '俄国', '工党', '而是', '伟大', '所谓', '共产', '阿尔巴尼亚', '斗争', '法国', '思潮', '氛围', '争取', '冒险', '德意志', '奥地利', '叫做', '有名', '欧洲', '民主党', '西方', '削弱', '匈牙利', '立陶宛', '专制', '空想', '自由', '德国', '革命家', '马赫', '胜利', '工农', '爱国', '富强', '西欧', '走向', '比利时', '选举', '解放', '南非', '代表', '农奴', '波兰', '君主', '忠诚', '越南', '互助', '激进', '庸俗', '掀起', '党团', '党', '义', '论断', '蒙古', '社', '政权', '害怕', '平等', '共和', '强大', '粹']","{'政党': 976, '社会': 101019, '爱国': 964, '法治': 567, '党派': 966, '政治': 28542}","{'政党': 0.128, '社会': 0.139, '爱国': -0.063, '法治': 0.076, '党派': 0.086, '政治': 0.013}"
2006.sg,"['自发', '瑞士', '主', '高潮', '自决', '改良', '命', '粹', '强大', '共和', '平等', '害怕', '政权', '社', '蒙古', '论断', '义', '党', '党团', '庸俗', '掀起', '激进', '互助', '越南', '忠诚', '君主', '波兰', '农奴', '代表', '南非', '解放', '选举', '比利时', '走向', '西欧', '富强', '爱国', '工农', '胜利', '马赫', '革命家', '德国', '自由', '空想', '立陶宛', '专制', '匈牙利', '削弱', '西方', '民主党', '有名', '欧洲', '叫做', '奥地利', '德意志', '冒险', '争取', '氛围', '思潮', '法国', '阿尔巴尼亚', '斗争', '共产', '所谓', '伟大', '而是', '工党', '俄国', '口号', '民', '专政', '机会', '政党', '国民党', '革命', '俄', '统治', '阶级', '贵族', '制度', '和谐', '霸权', '高涨', '残酷', '残余', '葡萄牙', '苏维埃', '犹太', '奴隶', '偏见', '左派', '运动', '拥护', '派', '日本', '背叛', '摧毁', '封建', '捍卫', '意大利']","['老挝', '社会', '主义', '政治', '南斯拉夫', '孟什维克', '议会', '意大利', '捍卫', '封建', '摧毁', '背叛', '日本', '派', '拥护', '运动', '左派', '偏见', '奴隶', '犹太', '苏维埃', '葡萄牙', '残余', '残酷', '高涨', '霸权', '和谐', '制度', '贵族', '阶级', '俄', '统治', '革命', '国民党', '政党', '机会', '民', '专政', '口号', '俄国', '工党', '而是', '伟大', '所谓', '共产', '阿尔巴尼亚', '斗争', '法国', '思潮', '氛围', '争取', '冒险', '德意志', '奥地利', '叫做', '有名', '欧洲', '民主党', '西方', '削弱', '匈牙利', '立陶宛', '专制', '空想', '自由', '德国', '革命家', '马赫', '胜利', '工农', '爱国', '富强', '西欧', '走向', '比利时', '选举', '解放', '南非', '代表', '农奴', '波兰', '君主', '忠诚', '越南', '互助', '激进', '庸俗', '掀起', '党团', '党', '义', '论断', '蒙古', '社', '政权', '害怕', '平等', '共和', '强大', '粹']","{'法治': 665, '法制': 1802, '党派': 900, '爱国': 932, '社会': 103033, '民族': 23412}","{'法治': 0.469, '法制': 0.123, '党派': -0.055, '爱国': 0.057, '社会': 0.241, '民族': -0.022}"
2007.sg,"['自发', '瑞士', '主', '高潮', '自决', '改良', '命', '粹', '强大', '共和', '平等', '害怕', '政权', '社', '蒙古', '论断', '义', '党', '党团', '庸俗', '掀起', '激进', '互助', '越南', '忠诚', '君主', '波兰', '农奴', '代表', '南非', '解放', '选举', '比利时', '走向', '西欧', '富强', '爱国', '工农', '胜利', '马赫', '革命家', '德国', '自由', '空想', '立陶宛', '专制', '匈牙利', '削弱', '西方', '民主党', '有名', '欧洲', '叫做', '奥地利', '德意志', '冒险', '争取', '氛围', '思潮', '法国', '阿尔巴尼亚', '斗争', '共产', '所谓', '伟大', '而是', '工党', '俄国', '口号', '民', '专政', '机会', '政党', '国民党', '革命', '俄', '统治', '阶级', '贵族', '制度', '和谐', '霸权', '高涨', '残酷', '残余', '葡萄牙', '苏维埃', '犹太', '奴隶', '偏见', '左派', '运动', '拥护', '派', '日本', '背叛', '摧毁', '封建', '捍卫', '意大利']","['老挝', '社会', '主义', '政治', '南斯拉夫', '孟什维克', '议会', '意大利', '捍卫', '封建', '摧毁', '背叛', '日本', '派', '拥护', '运动', '左派', '偏见', '奴隶', '犹太', '苏维埃', '葡萄牙', '残余', '残酷', '高涨', '霸权', '和谐', '制度', '贵族', '阶级', '俄', '统治', '革命', '国民党', '政党', '机会', '民', '专政', '口号', '俄国', '工党', '而是', '伟大', '所谓', '共产', '阿尔巴尼亚', '斗争', '法国', '思潮', '氛围', '争取', '冒险', '德意志', '奥地利', '叫做', '有名', '欧洲', '民主党', '西方', '削弱', '匈牙利', '立陶宛', '专制', '空想', '自由', '德国', '革命家', '马赫', '胜利', '工农', '爱国', '富强', '西欧', '走向', '比利时', '选举', '解放', '南非', '代表', '农奴', '波兰', '君主', '忠诚', '越南', '互助', '激进', '庸俗', '掀起', '党团', '党', '义', '论断', '蒙古', '社', '政权', '害怕', '平等', '共和', '强大', '粹']","{'制度': 31150, '法治': 722, '实行': 6886, '反对': 2795, '党派': 893, '三民': 628, '政党': 925}","{'制度': -0.085, '法治': -0.12, '实行': 0.063, '反对': 0.361, '党派': 0.003, '三民': -0.008, '政党': -0.092}"
2008.sg,"['自发', '瑞士', '主', '高潮', '自决', '改良', '命', '粹', '强大', '共和', '平等', '害怕', '政权', '社', '蒙古', '论断', '义', '党', '党团', '庸俗', '掀起', '激进', '互助', '越南', '忠诚', '君主', '波兰', '农奴', '代表', '南非', '解放', '选举', '比利时', '走向', '西欧', '富强', '爱国', '工农', '胜利', '马赫', '革命家', '德国', '自由', '空想', '立陶宛', '专制', '匈牙利', '削弱', '西方', '民主党', '有名', '欧洲', '叫做', '奥地利', '德意志', '冒险', '争取', '氛围', '思潮', '法国', '阿尔巴尼亚', '斗争', '共产', '所谓', '伟大', '而是', '工党', '俄国', '口号', '民', '专政', '机会', '政党', '国民党', '革命', '俄', '统治', '阶级', '贵族', '制度', '和谐', '霸权', '高涨', '残酷', '残余', '葡萄牙', '苏维埃', '犹太', '奴隶', '偏见', '左派', '运动', '拥护', '派', '日本', '背叛', '摧毁', '封建', '捍卫', '意大利']","['老挝', '社会', '主义', '政治', '南斯拉夫', '孟什维克', '议会', '意大利', '捍卫', '封建', '摧毁', '背叛', '日本', '派', '拥护', '运动', '左派', '偏见', '奴隶', '犹太', '苏维埃', '葡萄牙', '残余', '残酷', '高涨', '霸权', '和谐', '制度', '贵族', '阶级', '俄', '统治', '革命', '国民党', '政党', '机会', '民', '专政', '口号', '俄国', '工党', '而是', '伟大', '所谓', '共产', '阿尔巴尼亚', '斗争', '法国', '思潮', '氛围', '争取', '冒险', '德意志', '奥地利', '叫做', '有名', '欧洲', '民主党', '西方', '削弱', '匈牙利', '立陶宛', '专制', '空想', '自由', '德国', '革命家', '马赫', '胜利', '工农', '爱国', '富强', '西欧', '走向', '比利时', '选举', '解放', '南非', '代表', '农奴', '波兰', '君主', '忠诚', '越南', '互助', '激进', '庸俗', '掀起', '党团', '党', '义', '论断', '蒙古', '社', '政权', '害怕', '平等', '共和', '强大', '粹']","{'法治': 780, '自由': 7794, '社会': 116249, '法制': 1569, '协商': 1220, '民': 5459, '政党': 860, '党派': 1111, '党': 17756}","{'法治': 0.152, '自由': -0.321, '社会': -0.258, '法制': 0.081, '协商': -0.036, '民': 0.149, '政党': 0.024, '党派': -0.189, '党': 0.015}"
2009.sg,"['自发', '瑞士', '主', '高潮', '自决', '改良', '命', '粹', '强大', '共和', '平等', '害怕', '政权', '社', '蒙古', '论断', '义', '党', '党团', '庸俗', '掀起', '激进', '互助', '越南', '忠诚', '君主', '波兰', '农奴', '代表', '南非', '解放', '选举', '比利时', '走向', '西欧', '富强', '爱国', '工农', '胜利', '马赫', '革命家', '德国', '自由', '空想', '立陶宛', '专制', '匈牙利', '削弱', '西方', '民主党', '有名', '欧洲', '叫做', '奥地利', '德意志', '冒险', '争取', '氛围', '思潮', '法国', '阿尔巴尼亚', '斗争', '共产', '所谓', '伟大', '而是', '工党', '俄国', '口号', '民', '专政', '机会', '政党', '国民党', '革命', '俄', '统治', '阶级', '贵族', '制度', '和谐', '霸权', '高涨', '残酷', '残余', '葡萄牙', '苏维埃', '犹太', '奴隶', '偏见', '左派', '运动', '拥护', '派', '日本', '背叛', '摧毁', '封建', '捍卫', '意大利']","['老挝', '社会', '主义', '政治', '南斯拉夫', '孟什维克', '议会', '意大利', '捍卫', '封建', '摧毁', '背叛', '日本', '派', '拥护', '运动', '左派', '偏见', '奴隶', '犹太', '苏维埃', '葡萄牙', '残余', '残酷', '高涨', '霸权', '和谐', '制度', '贵族', '阶级', '俄', '统治', '革命', '国民党', '政党', '机会', '民', '专政', '口号', '俄国', '工党', '而是', '伟大', '所谓', '共产', '阿尔巴尼亚', '斗争', '法国', '思潮', '氛围', '争取', '冒险', '德意志', '奥地利', '叫做', '有名', '欧洲', '民主党', '西方', '削弱', '匈牙利', '立陶宛', '专制', '空想', '自由', '德国', '革命家', '马赫', '胜利', '工农', '爱国', '富强', '西欧', '走向', '比利时', '选举', '解放', '南非', '代表', '农奴', '波兰', '君主', '忠诚', '越南', '互助', '激进', '庸俗', '掀起', '党团', '党', '义', '论断', '蒙古', '社', '政权', '害怕', '平等', '共和', '强大', '粹']","{'法治': 805, '法制': 1537, '政党': 810, '社会': 114620, '政权': 1379, '共产': 1397, '团体': 1385, '政治': 30450}","{'法治': 0.048, '法制': -0.031, '政党': -0.004, '社会': -0.036, '政权': -0.06, '共产': 0.072, '团体': -0.017, '政治': 0.105}"
